sku,id,cn_name,zhtw_name,English_name,series,scale,size,weight,zhtw_price,price,cost,final_price,is_preorder,cost_tw,報酬率（利潤/成本）
6927054401352,JT01352,JOYTOY 模型拼贴基础工具套件,JOYTOY 模型拼貼基礎工具套件,MODEL ASSEMBLYBASIC TOOL KIT,Tools,,21*14*2,0.1kg,29,9.99,17,220,,73,203.07%
6927054402038,JT02038,单兵格纳展示盒-装甲白 A,單兵格納展示盒-裝甲白 A,Individual Soldier Hangar Display Case - Armor White A,JOYTOY,Scale：1/25,22.5*16.5*2.5,0.2kg,39,9.99,23,270,2025/10,98,174.92%
6927054402045,JT02045,单兵格纳展示盒-装甲白 B,單兵格納展示盒-裝甲白 B,Individual Soldier Hangar Display Case - Armor White B,JOYTOY,Scale：1/25,22.5*16.5*2.5,0.2kg,39,9.99,23,270,2025/10,98,174.92%
6927054402052,JT02052,单兵格纳展示盒-装甲白 C,單兵格納展示盒-裝甲白 C,Individual Soldier Hangar Display Case - Armor White C,JOYTOY,Scale：1/25,22.5*16.5*2.5,0.2kg,39,9.99,23,270,2025/10,98,174.92%
6927054402069,JT02069,单兵格纳展示盒-灰烬黄 A,單兵格納展示盒-灰燼黃 A,Individual Soldier Hangar Display Case - Ash Yellow A,JOYTOY,Scale：1/25,22.5*16.5*2.5,0.2kg,39,9.99,23,270,2025/10,98,174.92%
6927054402076,JT02076,单兵格纳展示盒-灰烬黄 B,單兵格納展示盒-灰燼黃 B,Individual Soldier Hangar Display Case - Ash Yellow B,JOYTOY,Scale：1/25,22.5*16.5*2.5,0.2kg,39,9.99,23,270,2025/10,98,174.92%
6927054402083,JT02083,单兵格纳展示盒-灰烬黄 C,單兵格納展示盒-灰燼黃 C,Individual Soldier Hangar Display Case - Ash Yellow C,JOYTOY,Scale：1/25,22.5*16.5*2.5,0.2kg,39,9.99,23,270,2025/10,98,174.92%
6927054402090,JT02090,单兵格纳展示盒-跃动黄 A,單兵格納展示盒-躍動黃 A,Individual Soldier Hangar Display Case - Surge Yellow A,JOYTOY,Scale：1/25,22.5*16.5*2.5,0.2kg,39,9.99,23,270,2025/10,98,174.92%
6927054402106,JT02106,单兵格纳展示盒-跃动黄 B,單兵格納展示盒-躍動黃色 B,Individual Soldier Hangar Display Case - Surge Yellow B,JOYTOY,Scale：1/25,22.5*16.5*2.5,0.2kg,39,9.99,23,270,2025/10,98,174.92%
6927054402113,JT02113,单兵格纳展示盒-跃动黄 C,單兵格納展示盒-躍動黃色 C,Individual Soldier Hangar Display Case - Surge Yellow C,JOYTOY,Scale：1/25,22.5*16.5*2.5,0.2kg,39,9.99,23,270,2025/10,98,174.92%
6927054402120,JT02120,单兵格纳展示盒-烈艳红 A,單兵格納展示盒-烈艷紅 A,Individual Soldier Hangar Display Case - Blazing Red A,JOYTOY,Scale：1/25,22.5*16.5*2.5,0.2kg,39,9.99,23,270,2025/10,98,174.92%
6927054402137,JT02137,单兵格纳展示盒-烈艳红 B,單兵格納展示盒-烈艷紅 B,Individual Soldier Hangar Display Case - Blazing Red B,JOYTOY,Scale：1/25,22.5*16.5*2.5,0.2kg,39,9.99,23,270,2025/10,98,174.92%
6927054402144,JT02144,单兵格纳展示盒-烈艳红 C,單兵格納展示盒-烈艷紅 C,Individual Soldier Hangar Display Case - Blazing Red C,JOYTOY,Scale：1/25,22.5*16.5*2.5,0.2kg,39,9.99,23,270,2025/10,98,174.92%
6927054402151,JT02151,单兵格纳展示盒-星际紫A,單兵格納展示盒-星際紫A,Individual Soldier Hangar Display Case - Stellar Purple A,JOYTOY,Scale：1/25,22.5*16.5*2.5,0.2kg,39,9.99,23,270,2025/10,98,174.92%
6927054402168,JT02168,单兵格纳展示盒-星际紫B,單兵格納展示盒-星際紫B,Individual Soldier Hangar Display Case - Stellar Purple B,JOYTOY,Scale：1/25,22.5*16.5*2.5,0.2kg,39,9.99,23,270,2025/10,98,174.92%
6927054402175,JT02175,单兵格纳展示盒-星际紫C,單兵格納展示盒-星際紫C,Individual Soldier Hangar Display Case - Stellar Purple C,JOYTOY,Scale：1/25,22.5*16.5*2.5,0.2kg,39,9.99,23,270,2025/10,98,174.92%
6927054402182,JT02182,单兵格纳展示盒-深空蓝A,單兵格納展示盒-深空藍A,Individual Soldier Hangar Display Case - Abyssal Blue A,JOYTOY,Scale：1/25,22.5*16.5*2.5,0.2kg,39,9.99,23,270,2025/10,98,174.92%
6927054402199,JT02199,单兵格纳展示盒-深空蓝B,單兵格納展示盒-深空藍B,Individual Soldier Hangar Display Case - Abyssal Blue B,JOYTOY,Scale：1/25,22.5*16.5*2.5,0.2kg,39,9.99,23,270,2025/10,98,174.92%
6927054402205,JT02205,单兵格纳展示盒-深空蓝C,單兵格納展示盒-深空藍C,Individual Soldier Hangar Display Case - Abyssal Blue C,JOYTOY,Scale：1/25,22.5*16.5*2.5,0.2kg,39,9.99,23,270,2025/10,98,174.92%
6927054402212,JT02212,单兵格纳展示盒-猎星绿A,單兵格納展示盒-獵星綠A,Individual Soldier Hangar Display Case - Starhunt Green A,JOYTOY,Scale：1/25,22.5*16.5*2.5,0.2kg,39,9.99,23,270,2025/10,98,174.92%
6927054402229,JT02229,单兵格纳展示盒-猎星绿B,單兵格納展示盒-獵星綠B,Individual Soldier Hangar Display Case - Starhunt Green B,JOYTOY,Scale：1/25,22.5*16.5*2.5,0.2kg,39,9.99,23,270,2025/10,98,174.92%
6927054402236,JT02236,单兵格纳展示盒-猎星绿C,單兵格納展示盒-獵星綠C,Individual Soldier Hangar Display Case - Starhunt Green C,JOYTOY,Scale：1/25,22.5*16.5*2.5,0.2kg,39,9.99,23,270,2025/10,98,174.92%
6927054402243,JT02243,单兵格纳展示盒-钛钢灰A,單兵格納展示盒-鈦鋼灰A,Individual Soldier Hangar Display Case - Titanium Grey A,JOYTOY,Scale：1/25,22.5*16.5*2.5,0.2kg,39,9.99,23,270,2025/10,98,174.92%
6927054402250,JT02250,单兵格纳展示盒-钛钢灰B,單兵格納展示盒-鈦鋼灰B,Individual Soldier Hangar Display Case - Titanium Grey B,JOYTOY,Scale：1/25,22.5*16.5*2.5,0.2kg,39,9.99,23,270,2025/10,98,174.92%
6927054402267,JT02267,单兵格纳展示盒-钛钢灰C,單兵格納展示盒-鈦鋼灰C,Individual Soldier Hangar Display Case - Titanium Grey C,JOYTOY,Scale：1/25,22.5*16.5*2.5,0.2kg,39,9.99,23,270,2025/10,98,174.92%
6927054402274,JT02274,单兵格纳展示盒-暗影黑A,單兵格納展示盒-暗影黑A,Individual Soldier Hangar Display Case - Shadow Black A,JOYTOY,Scale：1/25,22.5*16.5*2.5,0.2kg,39,9.99,23,270,2025/10,98,174.92%
6927054402281,JT02281,单兵格纳展示盒-暗影黑B,單兵格納展示盒-暗影黑B,Individual Soldier Hangar Display Case - Shadow Black B,JOYTOY,Scale：1/25,22.5*16.5*2.5,0.2kg,39,9.99,23,270,2025/10,98,174.92%
6927054402298,JT02298,单兵格纳展示盒-暗影黑C,單兵格納展示盒-暗影黑C,Individual Soldier Hangar Display Case - Shadow Black C,JOYTOY,Scale：1/25,22.5*16.5*2.5,0.2kg,39,9.99,23,270,2025/10,98,174.92%
6927054401642,JT01642,"暗源丧尸兵人
丧尸警犬","暗源殭屍兵人
殭屍警犬","Dark Source Zombie Fiqure
Zombie Police Dogs",Dark Source,Scale：1/25,20*15*5,0.2kg,49,9.99,30,320,2025/09,128,149.80%
6927054401581,JT01581,"暗源丧尸兵人
女摔角手","暗源殭屍兵人
女摔角手","Dark Source Zombie Figure
Female wrestlers",Dark Source,Scale：1/25,20*15*5,0.2kg,59,9.99,35,380,2025/09,149,154.27%
6927054401574,JT01574,"暗源丧尸兵人
拉拉队员","暗源殭屍兵人
拉拉隊員","Dark Source Zombie Figure
CheerLeaders",Dark Source,Scale：1/25,20*15*5,0.2kg,69,12.99,45,430,2025/09,192,123.78%
6927054401239,JT01239,"战慑XS-01 
夜袭型-驾驶员","戰懾XS-01
夜襲型-駕駛員","Fear XS-01
Night Raid type-Pilot",Dark Source,Scale：1/25,12*8*3,0.2kg,69,17.99,45,430,,192,123.78%
6927054401246,JT01246,"战慑XS-02 
突袭型-驾驶员","戰懾XS-02
突襲型-駕駛員","Fear XS-02
Assault type-Pilot",Dark Source,Scale：1/25,12*8*3,0.2kg,69,17.99,45,430,,192,123.78%
6927054401253,JT01253,"战慑XS-03 
战术型-驾驶员","戰懾XS-03
戰術型-駕駛員","Fear XS-03
Tactical type-Pilot",Dark Source,Scale：1/25,12*8*3,0.2kg,69,17.99,45,430,,192,123.78%
6927054401611,JT01611,"暗源丧尸兵人
科学家（女）","暗源殭屍兵人
科學家（女）","Dark Source Zombie Figure
Scientists (Female)",Dark Source,Scale：1/25,20*15*5,0.2kg,79,15.99,52,480,2025/09,222,116.18%
6927054401598,JT01598,"暗源丧尸兵人
消防员","暗源殭屍兵人
消防員","Dark Source Zombie Figure
Firefighters",Dark Source,Scale：1/25,20*15*5,0.2kg,79,15.99,52,480,2025/09,222,116.18%
6927054401628,JT01628,"暗源丧尸兵人
医护人员","暗源殭屍兵人
醫護人員","Dark Source Zombie Figure
Medics",Dark Source,Scale：1/25,20*15*5,0.2kg,79,15.99,52,480,2025/09,222,116.18%
6927054402335,JT02335,"钢骑小队机械师
托克","鋼騎小隊機械師
托克","Steel Ride Corps Mechanic
Tork",Dark Source,Scale：1/25,22.5*16.5*2.5,0.2kg,79,17.99,58,480,2025/10,248,93.81%
6927054402434,JT02434,"UNSC精英老兵
亨特","UNSC精英老兵
亨特","UNSC Elite Soldier
Hunter",Dark Source,Scale：1/25,22.5*16.5*2.5,0.2kg,79,17.99,58,480,2025/10,248,93.81%
6927054401680,JT01680,"天启系列 暴风初飓
火力支援型机甲 驾驶员","天啟系列 暴風初學
火力支援機甲 駕駛員","APOC Series Storm Tempestus
Fire Support Type Mecha Pilot",Dark Source,Scale：1/25,22.5*16.5*2.5,0.2kg,89,17.99,58,540,2025/10,248,118.04%
6927054401673,JT01673,"天启系列 磐石
常规作战型机甲 驾驶员","天啟系列 磐石
常規戰鬥型機甲 駕駛員","APOC Series Bedrock
Standard Combat Type Mecha Pilot",Dark Source,Scale：1/25,22.5*16.5*2.5,0.2kg,89,17.99,58,540,2025/10,248,118.04%
6927054401543,JT01543,"暗源丧尸兵人
安保人员","暗源殭屍兵人
安保人員","Dark Source Zombie Figure
Security Guards",Dark Source,Scale：1/25,20*15*5,0.2kg,89,16.99,58,540,2025/09,248,118.04%
6927054401567,JT01567,"暗源丧尸兵人
机修人员","暗源殭屍兵人
機修人員","Dark Source Zombie Figure
Mechanic Team",Dark Source,Scale：1/25,20*15*5,0.2kg,89,16.99,58,540,2025/09,248,118.04%
6973130371712,JT1712,"军兵产品套装
人物 25-女战士","軍兵產品套裝
人物 25-女戰士","Army Builder Promotion
Pack Figure 25 -Female Warrior",Hardcore Coldplay,Scale：1/18,19*12.5*4,0.2kg,89,19.99,65,540,,278,94.56%
6973130371767,JT1767,"军兵产品套装
人物 30-星际赏金猎人","軍兵產品套裝
人物 30-星際賞金獵人","Army Builder Promotion
Pack Figure 30 -Star Bounty Hunter",Hardcore Coldplay,Scale：1/18,19*12.5*4,0.2kg,89,19.99,65,540,,278,94.56%
6973130371729,JT1729,"军兵产品套装
人物26-飞行背包雇佣兵","軍兵產品套裝
人物26-飛行背包僱傭兵","Army Builder Promotion
Pack Figure 26 -Jetpack Mercenary",Hardcore Coldplay,Scale：1/18,19*12.5*4,0.2kg,89,19.99,65,540,,278,94.56%
6973130371736,JT1736,"军兵产品套装
人物27-星际赏金猎人","軍兵產品套裝
人物27-星際賞金獵人","Army Builder Promotion
Pack Figure 27 -Intergalactic Bounty Hunter",Hardcore Coldplay,Scale：1/18,19*12.5*4,0.2kg,89,19.99,65,540,,278,94.56%
6973130379640,JT9640,军兵产品套装人物 18,軍兵產品套裝人物 18,"Army Builder Promotion Pack
Figure 18",Hardcore Coldplay,Scale：1/18,19*12.5*4,0.2kg,89,19.99,65,540,,278,94.56%
6973130379657,JT9657,军兵产品套装人物 19,軍兵產品套裝人物 19,"Army Builder Promotion Pack
Figure 19",Hardcore Coldplay,Scale：1/18,19*12.5*4,0.2kg,89,19.99,65,540,,278,94.56%
6973130379664,JT9664,军兵产品套装人物 20,軍兵產品套裝人物 20,"Army Builder Promotion Pack
Figure 20",Hardcore Coldplay,Scale：1/18,19*12.5*4,0.2kg,89,19.99,65,540,,278,94.56%
6973130379688,JT9688,军兵产品套装人物 22,軍兵產品套裝人物 22,"Army Builder Promotion Pack
Figure 22",Hardcore Coldplay,Scale：1/18,19*12.5*4,0.2kg,89,19.99,65,540,,278,94.56%
6973130379886,JT9886,基纳雇佣兵小队-突击手,基納傭兵小隊-突擊手,Kina Mercenaries-The Assault Vanguard,Hardcore Coldplay,Scale：1/18,19*12.5*4,0.2kg,89,19.99,65,540,,278,94.56%
6973130379909,JT9909,基纳雇佣兵小队-火力手,基納僱傭兵小隊-火力手,Kina Mercenaries-The Firepower Master,Hardcore Coldplay,Scale：1/18,19*12.5*4,0.2kg,89,19.99,65,540,,278,94.56%
6973130378919,JT8919,二战德国国防军,二戰德國國防軍,WWII  Wehrmacht,Hardcore Coldplay,Scale：1/18,19.5*13*4,0.2kg,99,19.99,65,480,25-Nov,278,72.94%
6973130378926,JT8926,二战苏军步兵,二戰蘇軍步兵,WWII Soviet Infantry,Hardcore Coldplay,Scale：1/18,19.5*13*4,0.2kg,99,19.99,65,480,25-Nov,278,72.94%
6973130378933,JT8933,二战美国陆军,二戰美國陸軍,WWll United States Army,Hardcore Coldplay,Scale：1/18,19.5*13*4,0.2kg,99,19.99,65,480,25-Nov,278,72.94%
6973130379558,JT9558,美军 三角洲突击队-火力手,美軍 三角洲突擊隊-火力手,U.S. Army Delta Assault Squad-Support Gunner,Hardcore Coldplay,Scale：1/18,17.2*14*5,0.2kg,89,19.99,65,540,,278,94.56%
6973130379527,JT9527,美军 三角洲突击队-狙击手,美軍 三角洲突擊隊-狙擊手,U.S.Army Delta Assault Squad- Sniper,Hardcore Coldplay,Scale：1/18,17.2*14*5,0.2kg,89,19.99,65,540,,278,94.56%
6973130379534,JT9534,美军 三角洲突击队-突击手,美軍 三角洲突擊隊-突擊手,U.S. Army Delta Assault Squad -Assult Operator,Hardcore Coldplay,Scale：1/18,17.2*14*5,0.2kg,89,19.99,65,540,,278,94.56%
6973130379541,JT9541,美军 三角洲突击队-强攻手,美軍 三角洲突擊隊-強攻手,U.S.Army Delta Assault Squad-Breacher,Hardcore Coldplay,Scale：1/18,17.2*14*5,0.2kg,89,19.99,65,540,,278,94.56%
6973130379565,JT9565,美军 三角洲突击队-机枪手,美軍 三角洲突擊隊-機槍手,U.S.Army Delta Assault Squad-Machine Gunner,Hardcore Coldplay,Scale：1/18,17.2*14*5,0.2kg,89,19.99,65,540,,278,94.56%
6973130371514,JT1514,"军兵产品套装
人物 32-突击队员","軍兵產品套裝
人物 32-突擊隊員","Army Builder Promotion
Pack Figure 32 -Assault Team Member",Hardcore Coldplay,Scale：1/18,17.2*14*5,0.2kg,89,19.99,65,540,,278,94.56%
6973130379626,JT9626,军兵产品套装人物 16,軍兵產品套裝人物 16,"Army Builder Promotion Pack
Figure 16",Hardcore Coldplay,Scale：1/18,17.2*14*5,0.2kg,89,19.99,65,540,,278,94.56%
6927054401031,JT01031,"暗影猎兵小队
豺狼","暗影獵兵小隊
豺狼","Shadow Jaeger squad
Jackal",Battle For the Stars,Scale：1/18,16*15*5,0.2kg,89,19.99,65,540,,278,94.56%
6927054401048,JT01048,"暗影猎兵小队
渡鸦","暗影獵兵小隊
渡鴉","Shadow Jaeger squad
Raven",Battle For the Stars,Scale：1/18,16*15*5,0.2kg,89,19.99,65,540,,278,94.56%
6927054401024,JT01024,"暗影猎兵小队
蝰蛇","暗影獵兵小隊
蝰蛇","Shadow Jaeger squad
Viper",Battle For the Stars,Scale：1/18,16*15*5,0.2kg,89,19.99,65,540,,278,94.56%
6927054401949,JT01949,"钢骑小队突击手
史蒂芬","鋼騎小隊突擊手
史蒂芬","Steel Ride Corps Assaulter
Stephen",JOYTOY,Scale：1/25,22.5*16.5*2.5,0.2kg,89,19.99,68,540,2025/10,290,85.98%
6927054401956,JT01956,"钢骑小队突击手
沃洛克","鋼騎小隊突擊手
沃洛克","Steel Ride Corps Assaulter
Volok",JOYTOY,Scale：1/25,22.5*16.5*2.5,0.2kg,89,19.99,68,540,2025/10,290,85.98%
6927054401963,JT01963,"钢骑小队突击手
卡尔","鋼騎小隊突擊手
卡爾","Steel Ride Corps Assaulter
Karl",JOYTOY,Scale：1/25,22.5*16.5*2.5,0.2kg,89,19.99,68,540,2025/10,290,85.98%
6927054401970,JT01970,"钢骑小队突击手
瑞德","鋼騎小隊突擊手
瑞德","Steel Ride Corps Assaulter
Rhett",JOYTOY,Scale：1/25,22.5*16.5*2.5,0.2kg,89,19.99,68,540,2025/10,290,85.98%
6927054401987,JT01987,"钢骑小队突击手
马可","鋼騎小隊突擊手
馬可","Steel Ride Corps Assaulter
Marco",JOYTOY,Scale：1/25,22.5*16.5*2.5,0.2kg,89,19.99,68,540,2025/10,290,85.98%
6927054401994,JT01994,"UNSC狙击手
福斯特","UNSC狙擊手
福斯特","UNSC Sniper
Foster",JOYTOY,Scale：1/25,22.5*16.5*2.5,0.2kg,89,19.99,68,540,2025/10,290,85.98%
6927054402007,JT02007,"UNSC突击手
伊万","UNSC突擊手
伊凡","UNSC Sniper
Ivan",JOYTOY,Scale：1/25,22.5*16.5*2.5,0.2kg,89,19.99,68,540,2025/10,290,85.98%
6927054402014,JT02014,"UNSC突击手
莫洛","UNSC突擊手
莫洛","UNSC Sniper
Moreau",JOYTOY,Scale：1/25,22.5*16.5*2.5,0.2kg,89,19.99,68,540,2025/10,290,85.98%
6927054402021,JT02021,"UNSC狙击手
迪玛","UNSC狙擊手
迪瑪","UNSC Sniper
Dima",JOYTOY,Scale：1/25,22.5*16.5*2.5,0.2kg,89,19.99,68,540,2025/10,290,85.98%
6927054402328,JT02328,"钢骑小队精确射手
伊森","鋼騎小隊精準射手
伊森","Steel Ride Corps Designated Marksman
Ethan",Dark Source,Scale：1/25,22.5*16.5*2.5,0.2kg,89,19.99,68,540,2025/10,290,85.98%
6927054402342,JT02342,"UNSC突击手
利亚姆","UNSC突擊手
利亞姆","UNSC Assaulter
Liam",Dark Source,Scale：1/25,22.5*16.5*2.5,0.2kg,89,19.99,68,540,2025/10,290,85.98%
6927054402359,JT02359,"UNSC突击手
卢卡斯","UNSC突擊手
盧卡斯","UNSC Assaulter
Lucas",Dark Source,Scale：1/25,22.5*16.5*2.5,0.2kg,89,19.99,68,540,2025/10,290,85.98%
6927054402366,JT02366,"UNSC狙击手
梅森","UNSC狙擊手
梅森","UNSC Sniper
Mason",Dark Source,Scale：1/25,22.5*16.5*2.5,0.2kg,89,19.99,68,540,2025/10,290,85.98%
6927054402373,JT02373,"UNSC医疗兵
利维","UNSC醫療兵
利維","UNSC Medic
Levi",Dark Source,Scale：1/25,22.5*16.5*2.5,0.2kg,89,19.99,68,540,2025/10,290,85.98%
6927054402380,JT02380,"UNSC火力手
艾登","UNSC火力手
艾登","UNSC Breacher
Aiden",Dark Source,Scale：1/25,22.5*16.5*2.5,0.2kg,89,19.99,68,540,2025/10,290,85.98%
6927054402397,JT02397,"UNSC突击手
塞缪尔","UNSC突擊手
塞繆爾","UNSC Assaulter
Samuel",Dark Source,Scale：1/25,22.5*16.5*2.5,0.2kg,89,19.99,68,540,2025/10,290,85.98%
6927054402403,JT02403,"UNSC渗透专家
亚瑟","UNSC滲透專家
亞瑟","UNSC Infiltration Expert
Arthur",Dark Source,Scale：1/25,22.5*16.5*2.5,0.2kg,89,19.99,68,540,2025/10,290,85.98%
6927054402410,JT02410,"UNSC突击手
伊莱亚斯","UNSC突擊手
伊萊亞斯","UNSC Assaulter
Elias",Dark Source,Scale：1/25,22.5*16.5*2.5,0.2kg,89,19.99,68,540,2025/10,290,85.98%
6927054402427,JT02427,"UNSC火力手
本杰明","UNSC火力手
班傑明","UNSC Breacher
Benjamin",Dark Source,Scale：1/25,22.5*16.5*2.5,0.2kg,89,19.99,68,540,2025/10,290,85.98%
6927054401550,JT01550,"暗源丧尸兵人
生化实验小组","暗源殭屍兵人
生化實驗小組","Dark Source Zombie Figure
Biochemical Lab Team",Dark Source,Scale：1/25,20*15*5,0.2kg,99,19.99,68,590,2025/09,290,103.20%
6927054401604,JT01604,"暗源丧尸兵人
科学家（男）","暗源殭屍兵人
科學家（男）","Dark Source Zombie Figure
Scientists (Male)",Dark Source,Scale：1/25,20*15*5,0.2kg,99,19.99,68,590,2025/09,290,103.20%
6927054401635,JT01635,"暗源丧尸兵人
警察（男）","暗源殭屍兵人
警察（男）","Dark Source Zombie Fiqure
Police (Male)",Dark Source,Scale：1/25,20*15*5,0.2kg,99,19.99,68,590,2025/09,290,103.20%
6927054400454,JT00454,"泰伦虫族
利维坦虫巢舰队
撕裂者","泰倫虫族
利維坦蟲巢艦隊
撕裂者","Tyranids
Hive Fleet Leviathan
Ripper","Warhammer
40,000",Scale：1/18,20*14*5.7,0.35kg,99,19.99,70,590,,299,97.39%
6973130371750,JT1750,"军兵产品套装
人物 29-独狼-带单兵外骨骼的佣兵","軍兵產品套裝
人物 29-獨狼-有單兵外骨骼的傭兵","Army Builder Promotion
Pack Figure 29 - Lone Wolf with Exoskeleton",Hardcore Coldplay,Scale：1/18,19*12.5*4,0.2kg,99,21.99,70,590,,299,97.39%
6927054401918,JT01918,"星痕突击队
幽锰",星痕突擊隊 幽錳,"Stellar Scar Assault Team
Ghostmanganese",Dark Source,Scale：1/18,22.5*16.5*2,0.2kg,109,24.99,83,640,2025/10,354,80.58%
6927054401895,JT01895,"星痕突击队
钛岩",星痕突擊隊 鈦岩,"Stellar Scar Assault Team
Titanite",Dark Source,Scale：1/18,22.5*16.5*2,0.2kg,109,24.99,83,640,2025/10,354,80.58%
6927054401888,JT01888,"星痕突击队
暗硅",星痕突擊隊 暗矽,"Stellar Scar Assault Team
Darksilicon",Dark Source,Scale：1/18,22.5*16.5*2,0.2kg,109,24.99,83,640,2025/10,354,80.58%
6927054401901,JT01901,"星痕突击队
炽硫",星痕突擊隊 熾硫,"Stellar Scar Assault Team
Firesulfur",Dark Source,Scale：1/18,22.5*16.5*2,0.2kg,109,24.99,83,640,2025/10,354,80.58%
6927054401871,JT01871,"星痕突击队
砾金",星痕突擊隊 礫金,"Stellar Scar Assault Team
Gravelgold",Dark Source,Scale：1/18,22.5*16.5*2,0.2kg,109,24.99,83,640,2025/10,354,80.58%
6973130376649,JT6649,圣血天使 仲裁者,聖血天使 仲裁者,"Blood Angels
Intercessors","Warhammer
40,000",Scale：1/18,19*17.5*50,0.2kg,118,24.99,85,750,,363,106.64%
6973130376656,JT6656,帝国之拳仲裁者,帝國之拳仲裁者,"Imperial Fists
Intercessors","Warhammer
40,000",Scale：1/18,19*17.5*5,0.25kg,118,24.99,85,750,,363,106.64%
6973130376632,JT6632,极限战士仲裁者,極限戰士仲裁者,"Ultramarines
Intercessors","Warhammer
40,000",Scale：1/18,19*17.5*5,0.25kg,118,24.99,85,750,,363,106.64%
6927054400522,JT00522,古罗马 角斗士 巨镰斗士,古羅馬 角鬥士 巨鐮鬥士,Roman Gladiator Giant Scissor,Strife,Scale：1/18,18*14*5,0.2kg,118,24.99,85,690,,363,90.11%
6927054400683,JT00683,古罗马 角斗士 色雷斯斗士,古羅馬 角鬥士 色雷斯鬥士,Roman Gladiator Thraex Gladiator,Strife,Scale：1/18,18*14*5,0.2kg,118,24.99,85,690,,363,90.11%
6927054400539,JT00539,古罗马 角斗士 重装斗士,古羅馬 角鬥士 重裝鬥士,Roman Gladiator Hoplomachus,Strife,Scale：1/18,18*14*5,0.2kg,118,24.99,85,690,,363,90.11%
6927054400690,JT00690,古罗马 角斗士 追击斗士,古羅馬 角鬥士 追擊鬥士,Roman Gladiator Secutor Gladiator,Strife,Scale：1/18,18*14*5,0.2kg,118,24.99,85,690,,363,90.11%
6927054400508,JT00508,古罗马 角斗士 狮鹫斗士,古羅馬 角鬥士 獅鷲鬥士,Roman Gladiator Griffon Gladiator,Strife,Scale：1/18,18*14*5,0.2kg,118,24.99,85,690,,363,90.11%
6927054400713,JT00713,古罗马 角斗士 渔网斗士,古羅馬 角鬥士 漁網鬥士,Roman Gladiator Retiarius Gladiator,Strife,Scale：1/18,18*14*5,0.2kg,118,24.99,85,690,,363,90.11%
6927054400706,JT00706,古罗马 角斗士 双剑斗士,古羅馬 角鬥士 雙劍鬥士,Roman Gladiator Dimachaerus Gladiator,Strife,Scale：1/18,18*14*5,0.2kg,118,24.99,85,690,,363,90.11%
6927054400515,JT00515,古罗马 角斗士 镰刀斗士,古羅馬 角鬥士 鐮刀鬥士,Roman Gladiator Scissor,Strife,Scale：1/18,18*14*5,0.2kg,118,24.99,85,690,,363,90.11%
6973130371101,JT1101,1:18机库场景 瞭望塔,1:18機庫場景 瞭望塔,1/18 Mecha Depot:Observation Tower,Battle For the Stars,Scale:1/18,23*18*16,1kg,158,49.99,100,700,,427,63.93%
6973130375253,JT5253,火蜥蜴 根除者 军士巴拉格,火蜥蜴 根除者 軍士巴拉格,"Salamanders
Eradicators
Sergeant Bragar","Warhammer
40,000",Scale：1/18,19*18*5,0.35kg,138,32.99,105,750,25-Dec,448,67.28%
6973130375260,JT5260,火蜥蜴 根除者 托克伦兄弟,火蜥蜴 根除者 托克倫兄弟,"Salamanders
Eradicators
Brother T'Kren","Warhammer
40,000",Scale：1/18,19*18*5,0.35kg,138,32.99,105,750,25-Dec,448,67.28%
6973130376939,JT6939,古罗马共和国 拓展包 I,古羅馬共和國 拓展包 I,Roman Republic Expansion Pack I,Strife,Scale：1/18,18*14*5,0.2kg,128,29.99,105,740,,448,65.05%
6927054400676,JT00676,古罗马 角斗士 长矛斗士,古羅馬 角鬥士 長矛鬥士,Roman Gladiator Hasta Gladiator,Strife,Scale：1/18,18*14*5,0.2kg,138,29.99,105,800,,448,78.43%
6927054400492,JT00492,古罗马 角斗士 鱼盔斗士,古羅馬 角鬥士 魚盔鬥士,Roman Gladiator Murmillo,Strife,Scale：1/18,18*14*5,0.2kg,138,29.99,105,800,,448,78.43%
6973130372474,JT2474,"极限战士
战团英雄
老兵军士卡斯特","極限戰士
戰團英雄
老兵軍士卡斯特","Ultramarines
Heroes of the Chapter
Brother Veteran Sergeant Castor","Warhammer
40,000",Scale：1/18,20*20*6.5,0.25kg,138,32.99,110,800,,470,70.32%
6973130372481,JT2481,"极限战士
战团英雄
原铸副官伊拉斯塔斯","極限戰士
戰團英雄
原鑄副官伊拉斯塔斯","Ultramarines
Heroes of the Chapter
Primaris Lieutenant Erastus","Warhammer
40,000",Scale：1/18,20*20*6.5,0.25kg,138,32.99,110,800,,470,70.32%
6973130372825,JT2825,"星际战士
极限战士摩托警卫 
卡特诺斯兄弟","星際戰士
極限戰士摩托車警衛
卡特諾斯兄弟","Space Marines
Ultramarines Outriders Brother Catonus","Warhammer
40,000",Scale：1/18,20*18*5,0.35,168,34.99,110,800,25-Dec,470,70.32%
6973130372849,JT2849,"星际战士
黑色圣堂摩托警卫
瓦特斯兄弟","星際戰士
黑色聖堂摩托車警衛
瓦特斯兄弟","Space Marines
Black Templars Outriders Brother Valtus","Warhammer
40,000",Scale：1/18,20*18*5,0.35,168,34.99,110,800,25-Dec,470,70.32%
6973130377035,JT7035,"泰伦虫族
利维坦虫巢舰队
配蚀肉枪的暴虫","泰倫虫族
利維坦蟲巢艦隊
配蝕肉槍的暴蟲","Tyranids
Hive Fleet Leviathan Termagant with Fleshborer","Warhammer
40,000",Scale：1/18,20*14*5.7,0.35kg,148,29.99,110,850,,470,80.97%
6973130372641,JT2641,"星界军
克里格死亡军团老兵小队
军士","星界軍
克里格死亡軍團老兵小隊
軍士","Astra Militarum
Death Korps of Krieg Veteran Squad Sergeant","Warhammer 40,000",Scale：1/18,15*11*5,0.2kg,138,29.99,110,800,,470,70.32%
6973130378582,JT8582,玉京 上级特殊训练部队-1,玉京 上級特殊訓練部隊-1,Yu Jing shang Jilnvincible-1,Infinity,Scale：1/18,15.5*15*5,0.2kg,138,29.99,110,800,,470,70.32%
6973130377158,JT7158,玉京 上级特殊训练部队-2,玉京 上級特殊訓練部隊-2,Yu Jing shang Jilnvincible-2,Infinity,Scale：1/18,15.5*15*5,0.2kg,138,29.99,110,800,,470,70.32%
6973130374461,JT4461,"阿里亚德纳
掠夺者游骑兵小队 2","阿里亞德納
掠奪者遊騎兵小隊 2","Ariadna
Marauders 5307th Range Unit 2",Infinity,Scale:1/18,15.5*15*5,0.2kg,148,31.99,110,850,,470,80.97%
6973130374478,JT4478,"阿里亚德纳
掠夺者游骑兵小队 3","阿里亞德納
掠奪者遊騎兵小隊 3","Ariadna
Marauders 5307th Range Unit 3",Infinity,Scale:1/18,15.5*15*5,0.2kg,148,31.99,110,850,,470,80.97%
6973130374485,JT4485,"阿里亚德纳
掠夺者游骑兵小队 4","阿里亞德納
掠奪者遊騎兵小隊 4","Ariadna
Marauders 5307th Range Unit 4",Infinity,Scale:1/18,15.5*15*5,0.2kg,148,31.99,110,850,,470,80.97%
6973130374454,JT4454,"阿里亚德纳
掠夺者游骑兵小队1","阿里亞德納
掠奪者遊騎兵小隊1","Ariadna
Marauders 5307th Range Unit 1",Infinity,Scale:1/18,15.5*15*5,0.2kg,148,31.99,110,850,,470,80.97%
6973130377042,JT7042,悲怆远征军-第九军团突击连队-突袭者,悲怬遠徵軍-第九軍團突擊連隊-突襲者,"Sorrow Expeditionary Forces
09th Legion Assault Company-Striker",Battle For the Stars,Scale：1/18,16*15*5,0.25kg,148,34.99,115,850,,491,73.10%
6973130375758,JT5758,悲怆远征军-第九军团突击连队-隐匿者,悲怬遠徵軍-第九軍團突擊連隊-隱匿者,"Sorrow Expeditionary Forces
09th Legion Assault Company-Stealth Master",Battle For the Stars,Scale：1/18,16*15*5,0.25kg,148,34.99,115,850,,491,73.10%
6973130372832,JT2832,"星际战士
极限战士摩托警卫","星際戰士
極限戰士摩托車警衛","Space Marines
Ultramarines Outriders","Warhammer
40,000",Scale：1/18,24*11*10.5,0.35,188,39.99,120,850,25-Dec,512,65.89%
6973130372856,JT2856,"星际战士
黑色圣堂摩托警卫","星際戰士
黑色聖堂摩托車警衛","Space Marines
Black Templars Outriders","Warhammer
40,000",Scale：1/18,24*11*10.5,0.35,188,39.99,120,850,25-Dec,512,65.89%
6973130378698,JT8698,悲怆远征军-第九军团突击连队-突击手,悲怬遠徵軍-第九軍團突擊連隊-突擊手,"Sorrow Expeditionary Forces
09th Legion Assault Company-Assaulter",Battle For the Stars,Scale：1/18,16*15*5,0.25kg,148,34.99,120,850,,512,65.89%
6973130378667,JT8667,悲怆远征军-第九军团突击连队-军士长,悲怬遠徵軍-第九軍團突擊連隊-軍士長,"Sorrow Expeditionary Forces
09th Legion Assault Company-Sergeant Major",Battle For the Stars,Scale：1/18,16*15*5,0.25kg,148,34.99,120,850,,512,65.89%
6973130377301,JT7301,玉京 无名突击队-1,玉京 無名突擊隊-1,Yu Jing Wu Ming Assault Corps-1,Infinity,Scale：1/18,15.5*15*5,0.2kg,148,32.99,120,850,,512,65.89%
6973130377455,JT7455,玉京 无名突击队-2,玉京 無名突擊隊-2,Yu Jing WuMing Assault Corps-2,Infinity,Scale：1/18,15.5*15*5,0.2kg,148,32.99,120,850,,512,65.89%
6973130374799,JT4799,"阿里亚德纳
弗朗维茨独立营","阿里亞德納
弗朗維茲獨立營","Ariadna
Frontoviks Separate Assault Batallion",Infinity,Scale:1/18,15.5*15*5,0.2kg,158,34.99,120,900,,512,75.64%
6973130374805,JT4805,"阿里亚德纳
坦克猎人 1","阿里亞德納
坦克獵人 1","Ariadna
Tankhunter Regiment 1",Infinity,Scale:1/18,15.5*15*5,0.2kg,158,34.99,120,900,,512,75.64%
6973130374829,JT4829,"阿里亚德纳
哈萨克老兵","阿里亞德納
哈薩克老兵","Ariadna
Veteran Kazaks",Infinity,Scale:1/18,15.5*15*5,0.2kg,158,34.99,120,900,,512,75.64%
6973130372498,JT2498,"极限战士
战团英雄
原铸旗手波斯卡","極限戰士
戰團英雄
原鑄旗手波斯卡","Ultramarines
Heroes of the Chapter
Primaris Ancient Posca","Warhammer
40,000",Scale：1/18,20*20*6.5,0.27kg,158,39.99,125,900,,534,68.62%
6973130374935,JT4935,"暗黑天使
仲裁者
纳德尔兄弟","暗黑天使
仲裁者
納德爾兄弟","Dark Angels
 Intercessors Brother Nadael","Warhammer
40,000",Scale：1/18,19*17.5*5,0.35kg,158,36.99,125,820,25-Oct,534,53.63%
6973130374959,JT4959,"暗黑天使
仲裁者
阿沙尔兄弟","暗黑天使
仲裁者
阿沙爾兄弟","Dark Angels 
Intercessors Brother Asharr","Warhammer
40,000",Scale：1/18,19*17.5*5,0.35kg,158,36.99,125,820,25-Oct,534,53.63%
6973130376038,JT6038,古罗马共和国 军团士兵 轻装步兵 2,古羅馬共和國 軍團士兵 輕裝步兵 2,Roman Republic Legionary Light Infantry ll,Strife,Scale：1/18,18*14*5,0.2kg,158,32.99,125,900,,534,68.62%
6973130378759,JT8759,悲怆远征军-第九军团突击连队-狙击手,悲怬遠徵軍-第九軍團突擊連隊-狙擊手,"Sorrow Expeditionary Forces
09th Legion Assault Company-Sniper",Battle For the Stars,Scale：1/18,16*15*5,0.25kg,158,36.99,125,900,,534,68.62%
6973130378773,JT8773,悲怆远征军-第九军团突击连队-通讯兵,悲怬遠徵軍-第九軍團突擊連隊-通訊兵,"Sorrow Expeditionary Forces
09th Legion Assault Company-Signaller",Battle For the Stars,Scale：1/18,16*15*5,0.25kg,158,36.99,125,900,,534,68.62%
6973130373136,JT3136,"新利亚匪帮-摩托
“地狱行者”H-20","新利亞匪幫-摩托
「地獄行者」H-20",The Cult of San Reja - “Hell Walker”H-20,Battle For the Stars,Scale:1/18,19.3*12.4*8.2,0.3kg,158,44.99,130,900,,555,62.13%
6927054400041,JT00041,古罗马共和国 军团士兵 弓箭轻装步兵 女,古羅馬共和國 軍團士兵 弓箭輕裝步兵 女,Roman Republic Legionary Light Infantry Bow and Arrow Female,Strife,Scale：1/18,18*14*5,0.2kg,158,34.99,130,900,,555,62.13%
6927054400034,JT00034,古罗马共和国 军团士兵 剑盾轻装步兵 女,古羅馬共和國 軍團士兵 劍盾輕裝步兵 女,Roman Republic Legionary Light Infantry Sword and Shield Female,Strife,Scale：1/18,18*14*5,0.2kg,158,34.99,130,900,,555,62.13%
6973130373235,JT3235,"暗源江湖
武尊派
岳腾天","暗源江湖
武尊派
岳騰天",Wuzun Sect Tengtian Yue,Dark Source-JiangHu,Scale:1/18,15*11*5,0.2kg,158,39.99,130,900,,555,62.13%
6973130374355,JT4355,"暗源江湖 
太常教 
贺虚山","暗源江湖
太常教
賀虛山",Dark Source-JiangHuTaichang Sect Xushan He,Dark Source-JiangHu,Scale:1/18,15*11*5,0.25kg,158,39.99,130,900,,555,62.13%
6973130374331,JT4331,"暗源江湖 
太常教掌门 
霍鼎昌","暗源江湖
太常教掌門
霍鼎昌",Dark Source-JiangHuChief of Taichang Sect Dingchang Huo,Dark Source-JiangHu,Scale:1/18,15*11*5,0.25kg,158,39.99,130,900,,555,62.13%
6973130374348,JT4348,"暗源江湖 
太常教剑圣 
公孙傲","暗源江湖
太常教劍聖
公孫傲",Dark Source-JiangHuBlademaster of Taichang Sect Ao Gongsun,Dark Source-JiangHu,Scale:1/18,15*11*5,0.25kg,158,39.99,130,900,,555,62.13%
6973130377615,JT7615,"怪兽卡车司机
女","怪獸卡車司機
女","NA2
Monstruckers
#2 Woman",Infinity,Scale:1/18,15.5*15*5,0.2kg,168,37.99,130,960,,555,72.94%
6973130376359,JT6359,"泛大洋联盟
正义骑士","泛大洋聯盟
正義騎士","PanOceania
Knights of Justice",Infinity,Scale:1/18,15.5*15*5,0.2kg,168,37.99,130,960,,555,72.94%
6973130377639,JT7639,"流浪者
野猫,多功能战术单位
女","流浪者
野貓,多功能戰術單位
女","Nomads
Wildcats, Polyvalent Tactical Unit
#2 Woman",Infinity,Scale:1/18,15.5*15*5,0.2kg,168,37.99,130,960,,555,72.94%
6973130377622,JT7622,"流浪者
野猫，多功能战术单位
男","流浪者
野貓，多功能戰術單位
男","Nomads
Wildcats, Polyvalent Tactical Unit
#1Man",Infinity,Scale:1/18,15.5*15*5,0.2kg,168,37.99,130,960,,555,72.94%
6973130377608,JT7608,"奥塔维拉
鱼叉破冰者","奧塔維拉
魚叉破冰者","Oktavia Grimsdottir
lcebreaker's Harpooner",Infinity,Scale:1/18,15.5*15*5,0.2kg,168,37.99,130,960,,555,72.94%
6973130377776,JT7776,"怪兽卡车司机
男","怪獸卡車司機
男","NA2
Monstruckers
#1Man",Infinity,Scale:1/18,15.5*15*5,0.25kg,168,37.99,130,960,,555,72.94%
6973130377547,JT7547,"圣迭戈骑士
黑客","聖迭戈騎士
駭客","Knight Of Santiago
Hacker",Infinity,Scale:1/18,15.5*12.5*4.5,0.2kg,168,37.99,130,960,,555,72.94%
6927054401734,JT01734,"拳皇'98UM
场景地台-日本街头","拳皇'98UM
場景地台-日本街頭","KOF '98UM
Stage Base-Japan Street",SNK,Scale：1/18,40*23*9,1.2kg,168,39.99,132,960,2025/10,564,70.32%
6973130375956,JT5956,古罗马共和国 第四连队 五十夫长,古羅馬共和國 第四連隊 五十夫長,Roman Republic Cohort Iv Centurion,Strife,Scale：1/18,18*14*5,0.2kg,168,34.99,135,960,,576,66.54%
6973130376182,JT6182,古罗马共和国 第四连队 军号手,古羅馬共和國 第四連隊 軍號手,Roman Republic Cohort Iv Buccinator,Strife,Scale：1/18,18*14*5,0.2kg,168,34.99,135,960,,576,66.54%
6927054401758,JT01758,"钢铁勇士
配备能量剑和等离子手枪的MKVI型战术军士","鋼鐵勇士
配備能量之劍和等離子手槍的MKVI型戰術軍士","Iron Warriors
MKVI Tactical Sergeant with Power Sword and Plasma Pistol","Warhammer
""The Horus Heresy""",Scale：1/18,20*18.5*5.5,0.35kg,178,39.99,138,1000,,589,69.70%
6927054400164,JT00164,忍者龟-大脚兵A,忍者龜-大腳兵A,TMNT-Foot Clan A,TMNT,Scale：1/18,20*18*5,0.2kg,199,39.99,140,950,25-Jan,598,58.92%
6927054400171,JT00171,忍者龟-大脚兵B,忍者龜-大腳兵B,TMNT-Foot Clan B,TMNT,Scale：1/18,20*18*5,0.2kg,199,39.99,140,950,25-Jan,598,58.92%
6927054401468,JT01468,"钢铁勇士
配备战术通讯器的MKIII型战术军团士兵","鋼鐵勇士
配備戰術通訊器的MKIII型戰術軍團士兵","Iron Warriors
MKIII Tactical Legionary with Nuncio-vox","Warhammer
""The Horus Heresy""",Scale：1/18,20*18.5*5.5,0.35kg,178,39.99,140,1010,,598,68.95%
6927054401451,JT01451,"钢铁勇士
MKIII型战术军士","鋼鐵勇士
MKIII型戰術軍士","Iron Warriors
MKIII Tactical Sergeant","Warhammer
""The Horus Heresy""",Scale：1/18,20*18.5*5.5,0.35kg,178,39.99,140,1010,,598,68.95%
6927054400010,JT00010,古罗马共和国 第十军团 五十夫长,古羅馬共和國 第十軍團 五十夫長,Roman Republic LegionX Optio,Strife,Scale：1/18,18*14*5,0.2kg,178,36.99,140,960,,598,60.59%
6927054400003,JT00003,古罗马共和国 第十军团 百夫长,古羅馬共和國 第十軍團 百夫長,Roman Republic LegionX Centurion,Strife,Scale：1/18,18*14*5,0.2kg,178,36.99,140,960,,598,60.59%
6927054400027,JT00027,古罗马共和国 第十军团 百夫长 女,古羅馬共和國 第十軍團 百夫長 女,Roman Republic LegionX Female Centurion,Strife,Scale：1/18,18*14*5,0.2kg,178,36.99,140,1010,,598,68.95%
6927054401185,JT01185,"战慑XS-01 
夜袭型","戰懾XS-01
夜襲型","Fear XS-01
Night Raid type",Dark Source,Scale：1/25,18*20*7,0.35kg,179,39.99,142,1010,,606,66.57%
6927054401192,JT01192,"战慑XS-02 
突袭型","戰懾XS-02
突襲型","Fear XS-02
Assault type",Dark Source,Scale：1/25,18*20*7,0.35kg,179,39.99,142,1010,,606,66.57%
6927054401208,JT01208,"战慑XS-03 
战术型","戰懾XS-03
戰術型","Fear XS-03
Tactical type",Dark Source,Scale：1/25,18*20*7,0.35kg,179,39.99,142,1010,,606,66.57%
6973130376304,JT6304,忍者龟-多纳泰罗,忍者龜-多納泰羅,TMNT-Donatello,TMNT,Scale：1/18,20*18*5,0.2kg,178,39.99,145,1010,,619,63.13%
6973130376144,JT6144,忍者龟-米开朗基罗,忍者龜-米開朗基羅,TMNT-Michelangelo,TMNT,Scale：1/18,20*18*5,0.2kg,178,39.99,145,1010,,619,63.13%
6927054400669,JT00669,忍者龟-艾普奥尼尔,忍者龜-艾普歐尼爾,TMNT-April O'Neil,TMNT,Scale：1/18,20*18*5,0.2kg,178,43.99,145,1010,,619,63.13%
6973130377400,JT7400,"太空野狼
灰色屠杀者小队
灰色屠杀者1","太空野狼
灰色屠殺者小隊
灰色屠殺者1","Space Wolves
Grey Slayer Pack
Grey Slayer 1","Warhammer
""The Horus Heresy""",Scale：1/18,20*18.5*7,0.35kg,188,39.99,145,1010,,619,63.13%
6973130377516,JT7516,"太空野狼
灰色屠杀者小队
灰色屠杀者2","太空野狼
灰色屠殺者小隊
灰色屠殺者2","Space Wolves
Grey Slayer Pack
Grey Slayer2","Warhammer
""The Horus Heresy""",Scale：1/18,20*18.5*7,0.35kg,188,39.99,145,1010,,619,63.13%
6973130376076,JT6076,"太空野狼
灰色屠杀者小队
灰色屠杀者3","太空野狼
灰色屠殺者小隊
灰色屠殺者3","Space Wolves
Grey Slayer Pack
Grey Slayer3","Warhammer
""The Horus Heresy""",Scale：1/18,20*18.5*7,0.35kg,188,39.99,145,1060,,619,71.20%
6973130377509,JT7509,"太空野狼
灰色屠杀者小队
佩戴军旗的灰色屠杀者","太空野狼
灰色屠殺者小隊
佩戴軍旗的灰色屠殺者","Space Wolves
Grey Slayer Pack
Grey Slayer With Legion Vexilla","Warhammer
""The Horus Heresy""",Scale：1/18,20*18.5*7,0.35kg,188,39.99,145,1060,,619,71.20%
6973130377387,JT7387,"太空野狼
灰色屠杀者小队
胡萨尔侍卫","太空野狼
灰色屠殺者小隊
胡薩爾侍衛","Space Wolves
Grey Slayer Pack
Huscarl","Warhammer
""The Horus Heresy""",Scale：1/18,20*18.5*7,0.35kg,188,39.99,145,1060,,619,71.20%
6927054400379,JT00379,"圣血天使
天使之泪小队
配备天使之泪榴弹发射器的大埃利姆","聖血天使
天使之淚小隊
配備天使之淚榴彈發射器的大埃利姆","Blood Angels
Angel's Tears Squad
Arch-Erelim with Angel's Tears Grenade Launcher","Warhammer
""The Horus Heresy""",Scale：1/18,20*18.5*6.5,0.35kg,188,44.99,145,1060,,619,71.20%
6927054400362,JT00362,"圣血天使
天使之泪小队
配备天使之泪榴弹发射器的埃利姆","聖血天使
天使之淚小隊
配備天使之淚榴彈發射器的埃利姆","Blood Angels
Angel's Tears Squad
Erelim with Angel's Tears Grenade Launcher","Warhammer
""The Horus Heresy""",Scale：1/18,20*18.5*6.5,0.35kg,188,44.99,145,1060,,619,71.20%
6927054400355,JT00355,"圣血天使
天使之泪小队
配备爆燃蛇铳的大埃利姆","聖血天使
天使之淚小隊
配備爆燃蛇鈹的大埃利姆","Blood Angels
Angel's Tears Squad
Arch-Erelim with Volkite Serpentas","Warhammer
""The Horus Heresy""",Scale：1/18,20*18.5*6.5,0.35kg,188,44.99,145,1060,,619,71.20%
6927054400348,JT00348,"圣血天使
天使之泪小队
配备爆燃蛇铳的埃利姆","聖血天使
天使之淚小隊
配備爆燃蛇鈹的埃利姆","Blood Angels
Angel's Tears Squad
Erelim with Volkite Serpentas","Warhammer
""The Horus Heresy""",Scale：1/18,20*18.5*6.5,0.35kg,188,44.99,145,1060,,619,71.20%
6973130379596,JT9596,"荷鲁斯之子
MKIV战术小队
装备火焰发射器的士兵","荷魯斯之子
MKIV戰術小隊
裝備火焰發射器的士兵","Sons of Horus
MKIV Tactical Squad
Legionary with Flamer","Warhammer
""The Horus Heresy""",Scale：1/18,20*18.5*5.5,0.35kg,188,43.99,145,1060,,619,71.20%
6973130376212,JT6212,古罗马共和国 第四连队 掌旗官,古羅馬共和國 第四連隊 掌旗官,Roman Republic Cohort Iv Signifer,Strife,Scale：1/18,18*14*5,0.2kg,178,36.99,145,1010,,619,63.13%
6927054402557,JT02557,忍者龟-撞钉罗尼,忍者龜-撞釘羅尼,TMNT-Roadkill Rodney,TMNT,Scale：1/18,20*22*5,0.35kg,188,39.99,147,1100,25-Dec,628,75.25%
6973130379084,JT9084,"帝国之拳
MkIII军团掠夺者小队
装备等离子枪的军士","帝國之拳
MkIII軍團掠奪者小隊
裝備等離子槍的軍士","Imperial Fists
Legion MkIII Despoiler Squad
Sergeant with Plasma Pistol","Warhammer
""The Horus Heresy""",Scale:1/18,20*18*5,0.35kg,188,43.99,150,1060,,641,65.50%
6973130379060,JT9060,"帝国之拳
MkIII军团战术小队
装备动力拳的军士","帝國之拳
MkIII軍團戰術小隊
裝備動力拳的軍士","Imperial Fists  
Legion MkIII Tactical Squad 
Sergeant with Power Fist","Warhammer
""The Horus Heresy""",Scale:1/18,20*18*5,0.35kg,188,43.99,150,1060,,641,65.50%
6927054400157,JT00157,忍者龟-施瑞德,忍者龜-施瑞德,TMNT-Shredder,TMNT,Scale：1/18,20*18*5,0.2kg,219,43.99,150,1000,25-Jan,641,56.13%
6927054401413,JT01413,"阿尔法军团
首席猎头者","阿爾法軍團
首席獵人頭者","Alpha Legion
Headhunter Prime","Warhammer
""The Horus Heresy""",Scale：1/18,20*18.5*7,0.35kg,188,42.99,150,1060,,641,65.50%
6927054401406,JT01406,"阿尔法军团
猎头者
配备毁灭打击复合爆矢枪和能量匕首","阿爾法軍團
獵人頭者
配備毀滅打擊複合爆矢槍和能量匕首","Alpha Legion
Headhunter
With Banestrike Combi-Bolter And Power Dagger","Warhammer
""The Horus Heresy""",Scale：1/18,20*18.5*7,0.35kg,188,42.99,150,1060,,641,65.50%
6973130379824,JT9824,"极限战士
配备自动爆矢步枪的肃卫老兵","極限戰士
配備自動爆矢步槍的肅衛老兵","Ultramarines
Sternguard Veteran with Auto Bolt Rifle","Warhammer
40,000",Scale：1/18,20*18.5*7,0.35kg,188,46.99,150,1060,,641,65.50%
6973130379831,JT9831,"极限战士
配备爆矢步枪的肃卫老兵","極限戰士
配備爆矢步槍的肅衛老兵","Ultramarines
Sternguard Veteran with Bolt Rifle","Warhammer
40,000",Scale：1/18,20*18.5*7,0.35kg,188,46.99,150,1060,,641,65.50%
6973130379800,JT9800,"极限战士
肃卫老兵军士","極限戰士
肅衛老兵軍士","Ultramarines
Sternguard Veteran Sergeant","Warhammer
40,000",Scale：1/18,20*18.5*7,0.35kg,188,46.99,150,1060,,641,65.50%
6927054400867,JT00867,"寂静修女会
白隼寂静修女骨干
寂静修女1","寂靜修女會
白隼寂靜修女骨幹
寂靜修女1","Sisters of Silence
White Falcons Vigilator Cadre
Vigilator 1","Warhammer
""The Horus Heresy""",Scale：1/18,20*18*7,0.35kg,188,46.99,155,1060,,662,60.16%
6927054400874,JT00874,"寂静修女会
白隼寂静修女骨干
寂静修女2","寂靜修女會
白隼寂靜修女骨幹
寂靜修女2","Sisters of Silence
White Falcons Vigilator Cadre
Vigilator 2","Warhammer
""The Horus Heresy""",Scale：1/18,20*18*7,0.35kg,188,46.99,155,1060,,662,60.16%
6927054400850,JT00850,"寂静修女会
白隼寂静修女骨干
寂静修女之主","寂靜修女會
白隼寂靜修女骨幹
寂靜修女之主","Sisters of Silence
White Falcons Vigilator Cadre
Vigilator Mistress","Warhammer
""The Horus Heresy""",Scale：1/18,20*18*7,0.35kg,188,46.99,155,1060,,662,60.16%
6927054400836,JT00836,"寂静修女会
银猞猁寂静修女骨干
寂静修女1","寂靜修女會
銀猞猁寂靜修女骨幹
寂靜修女1","Sisters of Silence
Argent Lynx Vigilator Cadre
Vigilator 1","Warhammer
""The Horus Heresy""",Scale：1/18,20*18*7,0.35kg,188,46.99,155,1060,,662,60.16%
6927054400843,JT00843,"寂静修女会
银猞猁寂静修女骨干
寂静修女2","寂靜修女會
銀猞猁寂靜修女骨幹
寂靜修女2","Sisters of Silence
Argent Lynx Vigilator Cadre
Vigilator 2","Warhammer
""The Horus Heresy""",Scale：1/18,20*18*7,0.35kg,188,46.99,155,1060,,662,60.16%
6927054401130,JT01130,忍者龟-泰瑟兰顿士兵,忍者龜-泰瑟蘭頓士兵,TMNT-Triceraton Infantryman,TMNT,Scale：1/18,20*18*5,0.2kg,188,46.99,155,1060,,662,60.16%
6927054401017,JT01017,忍者龟-托卡,忍者龜-託卡,TMNT-Tokka,TMNT,Scale：1/18,20*18*5,0.2kg,188,46.99,155,1060,,662,60.16%
6927054401123,JT01123,忍者龟-副官佐克,忍者龜-副官佐克,TMNT-Adjutant Zork,TMNT,Scale：1/18,20*18*5,0.2kg,188,46.99,155,1060,,662,60.16%
6927054401000,JT01000,忍者龟-猛煞,忍者龜-猛煞,TMNT-Slash,TMNT,Scale：1/18,20*18*5,0.2kg,188,46.99,155,1060,,662,60.16%
6927054401147,JT01147,忍者龟-凯西琼斯,忍者龜-凱西瓊斯,TMNT-Casey Jones,TMNT,Scale：1/18,20*18*5,0.2kg,188,46.99,155,1060,,662,60.16%
6927054400652,JT00652,忍者龟-斯普林特,忍者龜-斯普林特,TMNT-Splinter,TMNT,Scale：1/18,20*18*5,0.2kg,188,46.99,155,1060,,662,60.16%
6927054401116,JT01116,忍者龟-队长佐拉克斯,忍者龜-隊長佐拉克斯,TMNT-Captain Zorax,TMNT,Scale：1/18,20*18*5,0.2kg,188,46.99,155,1060,,662,60.16%
6973130376052,JT6052,"千子
肯尼泰秘剑修会
肯尼泰利刃大师","千子
肯尼泰秘劍修會
肯尼泰利刃大師","Thousand Sons
Khenetai Occult Cabal
Khenetai Blademaster","Warhammer
""The Horus Heresy""",Scale：1/18,20*18.5*7,0.35kg,189,46.99,155,1060,,662,60.16%
6973130376069,JT6069,"千子
肯尼泰秘剑修会
肯尼泰利刃战士","千子
肯尼泰秘劍修會
肯尼泰利刃戰士","Thousand Sons
Khenetai Occult Cabal
Khenetai Blade","Warhammer
""The Horus Heresy""",Scale：1/18,20*18.5*7,0.35kg,189,46.99,155,1060,,662,60.16%
6973130377349,JT7349,"千子
赛克麦特终结者小队
装备复合爆矢枪和阿凯亚式灵能武器的赛克麦特队员","千子
賽克麥特終結者小隊
配備複合爆矢槍和阿凱亞式靈能武器的賽克麥特隊員","Thousand Sons
Sekhmet Terminator Cabal
Sekhmet With Combi-Bolter And Achea Force Weapon","Warhammer
""The Horus Heresy""",Scale：1/18,20*18.5*7,0.35kg,189,46.99,155,1070,,662,61.67%
6973130378377,JT8377,"千子
赛克麦特终结者小队
装备复合爆矢枪和锁链拳套的赛克麦特队员","千子
賽克麥特終結者小隊
配備複合爆矢槍和鎖鏈拳套的賽克麥特隊員","Thousand Sons
Sekhmet Terminator Cabal
Sekhmet With Combi-Bolter And Chainfist","Warhammer
""The Horus Heresy""",Scale：1/18,20*18.5*7,0.35kg,189,46.99,155,1070,,662,61.67%
6973130377462,JT7462,"千子
赛克麦特终结者小队
装备闪电爪的赛克麦特队员","千子
賽克麥特終結者小隊
裝備閃電爪的賽克麥特隊員","Thousand Sons
Sekhmet Terminator Cabal
Sekhmet With Lightning Claws","Warhammer
""The Horus Heresy""",Scale：1/18,20*18.5*7,0.35kg,189,46.99,155,1070,,662,61.67%
6973130378605,JT8605,"千子
赛克麦特终结者小队
装备复合热熔枪和阿凯亚式灵能武器的赛克麦特队员","千子
賽克麥特終結者小隊
裝備複合熱熔槍和阿凱亞式靈能武器的賽克麥特隊員","Thousand Sons
Sekhmet Terminator Cabal
Sekhmet With Combi-Melta And Achea Force Weapon","Warhammer
""The Horus Heresy""",Scale：1/18,20*18.5*7,0.35kg,189,46.99,155,1070,,662,61.67%
6973130378612,JT8612,"千子
赛克麦特终结者小队
装备爆燃武器和能量拳的赛克麦特队员","千子
賽克麥特終結者小隊
裝備爆燃武器和能量拳的賽克麥特隊員","Thousand Sons
Sekhmet Terminator Cabal
Sekhmet Volkite Charger And Power Fist","Warhammer
""The Horus Heresy""",Scale：1/18,20*18.5*7,0.35kg,189,46.99,155,1070,,662,61.67%
6973130377486,JT7486,"极限战士
铁骑终结者小队
装备收割者自动炮的终结者","極限戰士
鐵騎終結者小隊
裝備收割者自動砲的終結者","Uitramarines
Cataphractii Terminator Squad
Terminator with Reaper Autocannon","Warhammer
""The Horus Heresy""",Scale：1/18,20*18.5*7,0.35kg,198,46.99,155,1110,,662,67.71%
6973130377394,JT7394,"极限战士
铁骑终结者小队
装备闪电爪的终结者","極限戰士
鐵騎終結者小隊
裝備閃電爪的終點者","Ultramarines
Cataphractii Terminator Squad
Terminator with Lightning Claws","Warhammer
""The Horus Heresy""",Scale：1/18,20*18.5*7,0.35kg,198,46.99,155,1110,,662,67.71%
6973130376953,JT6953,"极限战士
铁骑终结者小队
装备动力剑的军士","極限戰士
鐵騎終結者小隊
裝備動力劍的軍士","Ultramarines
Cataphractii Terminator Squad
Sergeant with Power Sword","Warhammer
""The Horus Heresy""",Scale：1/18,20*18.5*7,0.35kg,198,46.99,155,1110,,662,67.71%
6973130375932,JT5932,"千子
MKIV军团战术小队
军团士兵 1","千子
MKIV軍團戰術小隊
軍團士兵 1","Thousand Sons
Legion MK IV Tactical Squad
Legionary 1","Warhammer
""The Horus Heresy""",Scale：1/18,20*18.5*5.5,0.35kg,189,46.99,155,1070,,662,61.67%
6973130375970,JT5970,"千子
MKIV军团战术小队
军团士兵 2","千子
MKIV軍團戰術小隊
軍團士兵 2","Thousand Sons
Legion MK IV Tactical Squad
Legionary 2","Warhammer
""The Horus Heresy""",Scale：1/18,20*18.5*5.5,0.35kg,189,46.99,155,1070,,662,61.67%
6973130379589,JT9589,"荷鲁斯之子
MKIV战术小队
佩戴军旗的士兵","荷魯斯之子
MKIV戰術小隊
佩戴軍旗的士兵","Sons of Horus
MKIV Tactical Squad
Legionary with Legion Vexilla","Warhammer
""The Horus Heresy""",Scale：1/18,20*18.5*5.5,0.35kg,198,46.99,155,1110,,662,67.71%
6973130379572,JT9572,"荷鲁斯之子
MKIV战术小队
装备动力拳的军士","荷魯斯之子
MKIV戰術小隊
裝備動力拳的軍士","Sons of Horus
MKIV Tactical Squad
Sergeant with Power Fist","Warhammer
""The Horus Heresy""",Scale：1/18,20*18.5*5.5,0.35kg,198,46.99,155,1110,,662,67.71%
6973130373884,JT3884,"修女会
战斗修女小队
战斗修女挪亚磊","修女會
戰鬥修女小隊
戰鬥修女挪亞磊","Adepta Sororitas
Battle Sister
Sister Noyalle","Warhammer
40,000",Scale：1/18,19*14*5,0.35kg,199,47.99,155,960,,662,45.05%
6973130373877,JT3877,"修女会 
战斗修女小队
战斗修女超级卡塞亚","修女會
戰鬥修女小隊
戰鬥修女超級卡塞亞","Adepta Sororitas
Battle Sister
Sister Superior Kassia","Warhammer
40,000",Scale：1/18,19*14*5,0.35kg,199,47.99,155,960,,662,45.05%
6973130373853,JT3853,"修女会 
战斗修女小队
战斗修女卢德文那","修女會
戰鬥修女小隊
戰鬥修女盧德文那","Adepta Sororitas
Battle Sister
Sister Ludwenna","Warhammer
40,000",Scale：1/18,19*14*5,0.35kg,199,47.99,155,960,,662,45.05%
6973130373860,JT3860,"修女会 
战斗修女小队
战斗修女鞠蕾","修女會
戰鬥修女小隊
戰鬥修女鞠蕾","Adepta Sororitas
Battle Sister
Sister Jurel","Warhammer
40,000",Scale：1/18,19*14*5,0.35kg,199,47.99,155,960,,662,45.05%
6973130377929,JT7929,"星界军
卡迪亚指挥组
装备兵团旗帜的老兵","星界軍
卡迪亞指揮組
裝備兵團旗幟的老兵","Astra Militarum
Cadian Command Squad
Veteran with Regimental Standard","Warhammer
40,000",Scale:1/18,15*11*5,0.22kg,198,44.99,155,1070,,662,61.67%
6973130375147,JT5147,"星界军
风暴忠嗣指挥小队
第55卡比克雄鹰兵团
通讯兵","星界軍
風暴忠嗣指揮小隊
第55卡比克雄鷹兵團
通訊兵","Astra Militarum
Tempestus Scions Command Squad
55th Kappic Eagles
Vox Operator","Warhammer
40,000",Scale:1/18,15*11*5,0.22kg,198,45.99,155,1070,,662,61.67%
6973130375161,JT5161,"星界军
风暴忠嗣指挥小队
第55卡比克雄鹰兵团
掷弹兵","星界軍
風暴忠嗣指揮小隊
第55卡比克雄鷹兵團
擲彈兵","Astra Militarum
Tempestus Scions Command Squad
55th Kappic Eagles
Grenadier","Warhammer
40,000",Scale:1/18,15*11*5,0.22kg,198,45.99,155,1090,,662,64.69%
6973130375154,JT5154,"星界军
风暴忠嗣指挥小队
第55卡比克雄鹰兵团
医疗兵","星界軍
風暴忠嗣指揮小隊
第55卡比克雄鷹兵團
醫療兵","Astra Militarum
Tempestus Scions Command Squad
55th Kappic Eagles
Medic","Warhammer
40,000",Scale:1/18,15*11*5,0.22kg,198,45.99,155,1090,,662,64.69%
6927054402700,JT02700,"天启系列 幻影
立体机动作战型机甲","天啟系列 幻影
立體機動作戰型機甲",APOC Series Shadow MirageMulti-Dimensional Maneuver Battle Mech,Dark Source,Scale：1/25,25*17*13,1kg,229,49.99,157,1060,25-Jan,670,58.12%
6927054402717,JT02717,"天启系列 铁幕
装甲攻击型机甲","天啟系列 鐵幕
裝甲攻擊型機甲","APOC Series Iron Vanguard
Heavy Assault Mech",Dark Source,Scale：1/25,25*17*13,1kg,229,49.99,157,1060,25-Jan,670,58.12%
6927054402724,JT02724,"天启系列 天袭
精确打击型机甲","天啟系列 天襲
精確打擊型機甲","APOC Series Sky Striker
Precision Strike Mech",Dark Source,Scale：1/25,25*17*13,1kg,229,49.99,157,1060,25-Jan,670,58.12%
6927054402731,JT02731,"天启系列 暴风破晓
火力支援型机甲","天啟系列 暴風破曉
火力支援機甲","APOC Series Storm Lucis
Fire Support Type Mech",Dark Source,Scale：1/25,25*17*13,1kg,229,49.99,157,1060,25-Jan,670,58.12%
6927054402748,JT02748,"天启系列 磐石白戈
常规作战型机甲","天啟系列 磐石白戈
常規作戰型機甲","APOC Series Bedrock Albus
Standard Combat Type Mech",Dark Source,Scale：1/25,25*17*13,1kg,229,49.99,157,1060,25-Jan,670,58.12%
6927054401444,JT01444,"拳皇 98UM
主人公队
二阶堂红丸","拳皇 98UM
主角隊
二階堂紅丸","KOF 98UM
Hero Team
Benimaru Nikaido",SNK,Scale：1/18,25*20*7,0.35kg,198,45.99,158,940,2025/09,675,39.33%
6927054401437,JT01437,"拳皇 98UM
主人公队
大门五郎","拳皇 98UM
主角隊
大門五郎","KOF 98UM
Hero Team
Goro Daimon",SNK,Scale：1/18,25*20*7,0.35kg,198,45.99,158,940,2025/09,675,39.33%
6927054401420,JT01420,"拳皇 98UM
主人公队
草薙京","拳皇 98UM
主角隊
草薙京","KOF 98UM
Hero Team
Kyo Kusanagi",SNK,Scale：1/18,25*20*7,0.35kg,198,45.99,158,940,2025/09,675,39.33%
6927054401727,JT01727,"拳皇'98UM
怒队
克拉克·史迪尔","拳皇'98UM
怒隊
克拉克史迪爾","KOF'98UM
Ikari Warriors Team
Clark Still",SNK,Scale：1/18,25*20*7,0.35kg,198,45.99,158,940,2025/10,675,39.33%
6927054401710,JT01710,"拳皇'98UM
怒队
拉尔夫·琼斯","拳皇'98UM
怒隊
拉爾夫瓊斯","KOF'98UM
Ikari Warriors Team
Ralf Jones",SNK,Scale：1/18,25*20*7,0.35kg,198,45.99,158,940,2025/10,675,39.33%
6927054401703,JT01703,"拳皇'98UM
怒队
莉安娜·哈迪兰","拳皇'98UM
怒隊
莉安娜·哈迪蘭","KOF'98UM
Ikari Warriors Team
Leona Heidern",SNK,Scale：1/18,25*20*7,0.35kg,198,45.99,158,940,2025/10,675,39.33%
6927054402601,JT02601,"拳皇 '98UM
 '97特别队
山崎龙二",拳皇 '98UM '97特別隊 山崎龍二,"KOF '98UM
'97 Special Team
Ryuji Yamazaki",SNK KOF,Scale：1/18,25*20*7,0.35kg,228,45.99,158,980,25-Jan,675,45.26%
6927054402618,JT02618,"拳皇 '98UM
 '97特别队
比利·凯恩",拳皇 '98UM '97特別隊 比利凱恩,"KOF'98UM
'97 Special Team
Billy Kane",SNK KOF,Scale：1/18,25*20*7,0.35kg,228,45.99,158,980,25-Jan,675,45.26%
6927054402625,JT02625,"拳皇 '98UM
 '97特别队
布鲁·玛丽",拳皇 '98UM '97特別隊 布魯瑪麗,"KOF'98UM
'97 Special Team
Blue Mary",SNK KOF,Scale：1/18,25*20*7,0.35kg,228,45.99,158,980,25-Jan,675,45.26%
6927054401765,JT01765,"钢铁勇士
神选指挥小组之军团旗帜掌旗官","鋼鐵勇士
神選指揮小組之軍團旗掌旗官","Iron Warriors
Command Squad Chosen with Legion Standard","Warhammer
""The Horus Heresy""",Scale：1/18,20*18.5*5.5,0.35kg,198,45.99,158,1110,2025/11,675,64.53%
6927054401482,JT01482,"钢铁勇士
配备火箭发射器的暴君攻城大师终结者","鋼鐵勇士
配備火箭發射器的暴君攻城大師終結者","lron Warriors
Tyrant Siege Master Terminator with Rocket launcher","Warhammer
""The Horus Heresy""",Scale：1/18,20*18.5*7,0.35kg,199,45.99,160,1120,,683,63.93%
6927054401475,JT01475,"钢铁勇士
配备火箭发射器的暴君攻城终结者","鋼鐵勇士
配備火箭發射器的暴君攻城終結者","lron Warriors
Tyrant Siege Terminator with Rocket launcher","Warhammer
""The Horus Heresy""",Scale：1/18,20*18.5*7,0.35kg,199,45.99,160,1120,,683,63.93%
6973130376045,JT6045,"暗源江湖
悍北国
白羽重装马","暗源江湖
悍北國
白羽重裝馬","Dark Source JiangHu
Northern Hanland Empire
White Feather Armored Horse",Dark Source-JiangHu,Scale：1/18,19.5*14*8.5,0.35kg,198,46.99,160,1110,,683,62.47%
6973130375864,JT5864,"暗源江湖
悍北国
重装马","暗源江湖
悍北國
重裝馬","Dark Source JiangHu
Northern Hanland Empire
Armored Horse",Dark Source-JiangHu,Scale：1/18,19.5*14*8.5,0.35kg,198,46.99,160,1110,,683,62.47%
6973130375901,JT5901,"暗源江湖
悍北国
白羽雪地弓骑兵","暗源江湖
悍北國
白羽雪地弓騎兵","Dark Source JiangHu
Northern Hanland Empire
White Feather Snowfield Archery Cavalry",Dark Source-JiangHu,Scale：1/18,16*15*5,0.25kg,198,46.99,160,1110,,683,62.47%
6973130375635,JT5635,"暗源江湖
宗师冢长老
林云鹤","暗源江湖
宗師塚長老
林雲鶴","Dark Source-Jiang Hu
Great Master of Zongshi Tomb Yunhe Lin",Dark Source-JiangHu,Scale:1/18,15*11*5,0.25kg,208,46.99,160,1110,,683,62.47%
6927054400881,JT00881,忍者龟-克朗,忍者龜-克朗,TMNT-Krang,TMNT,Scale：1/18,22*20*10.5,0.2kg,239,49.99,165,1100,25-Jan,705,56.13%
6973130377288,JT7288,"荷鲁斯之子
冥府型终结者小队
配备重型火焰喷射器和链锯拳的终结者","荷魯斯之子
冥府型終結者小隊
配備重型火焰噴射器和鏈鋸拳的終結者","Sons Of Horus
Tartaros Terminator Squad
Terminator With Heavy Flamer And Chainfist","Warhammer
""The Horus Heresy""",Scale：1/18,20*18.5*7.5,0.35kg,208,49.99,165,1110,,705,57.55%
6973130377271,JT7271,"荷鲁斯之子
冥府型终结者小队
配备复合爆矢枪和链锯拳的终结者","荷魯斯之子
冥府型終結者小隊
配備複合爆矢槍和鏈鋸拳的終結者","Sons Of Horus
Tartaros Terminator Squad
Terminator With Combi-Bolter And Chainfist","Warhammer
""The Horus Heresy""",Scale：1/18,20*18.5*7.5,0.35kg,208,49.99,165,1110,,705,57.55%
6973130376908,JT6908,"太空野狼
瓦拉吉尔野狼守卫小队
瓦拉吉尔领主","太空野狼
瓦拉吉爾野狼守衛小隊
瓦拉吉爾領主","Space Wolves
Varagyr Wolf Guard Squad
Varagyr Thegn","Warhammer
""The Horus Heresy""",Scale：1/18,20*18.5*7,0.35kg,208,44.99,165,1110,,705,57.55%
6927054400577,JT00577,"吞世者
恐虐狂战士1","吞世者
恐虐狂戰士1","World Eaters
Khorne Berzerker 1","Warhammer
40,000",Scale：1/18,20*18.5*7,0.35kg,208,46.99,165,1110,,705,57.55%
6927054400591,JT00591,"吞世者
恐虐狂战士3","吞世者
恐虐狂戰士3","World Eaters
Khorne Berzerker 3","Warhammer
40,000",Scale：1/18,20*18.5*7,0.35kg,208,46.99,165,1110,,705,57.55%
6927054400614,JT00614,"吞世者
恐虐狂战士5","吞世者
恐虐狂戰士5","World Eaters
Khorne Berzerker 5","Warhammer
40,000",Scale：1/18,20*18.5*7,0.35kg,208,46.99,165,1110,,705,57.55%
6927054400621,JT00621,"吞世者
恐虐狂战士6","吞世者
恐虐狂戰士6","World Eaters
Khorne Berzerker 6","Warhammer
40,000",Scale：1/18,20*18.5*7,0.35kg,208,46.99,165,1110,,705,57.55%
6927054400638,JT00638,"吞世者
恐虐狂战士7","吞世者
恐虐狂戰士7","World Eaters
Khorne Berzerker 7","Warhammer
40,000",Scale：1/18,20*18.5*7,0.35kg,208,46.99,165,1110,,705,57.55%
6927054400560,JT00560,"吞世者
配备开膛链锯剑的恐虐狂战士","吞世者
配備開膛鏈鋸劍的恐虐狂戰士","World Eaters
Khorne Berzerker with Eviscerator Chainsword","Warhammer
40,000",Scale：1/18,20*18.5*7,0.35kg,208,46.99,165,1110,,705,57.55%
6973130375734,JT5734,"太空野狼
瓦拉吉尔野狼守卫小队
瓦拉吉尔狼卫终结者1","太空野狼
瓦拉吉爾野狼守衛小隊
瓦拉吉爾狼衛終結者1","Space Wolves
Varagyr Wolf Guard Squad
Varagyr Terminator 1","Warhammer
""The Horus Heresy""",Scale：1/18,20*18.5*7,0.35kg,208,44.99,165,1120,,705,58.97%
6973130375772,JT5772,"太空野狼
瓦拉吉尔野狼守卫小队
瓦拉吉尔狼卫终结者2","太空野狼
瓦拉吉爾野狼守衛小隊
瓦拉吉爾狼衛終結者2","Space Wolves
Varagyr Wolf Guard Squad
Varagyr Terminator 2","Warhammer
""The Horus Heresy""",Scale：1/18,20*18.5*7,0.35kg,208,44.99,165,1120,,705,58.97%
6973130375833,JT5833,"太空野狼
瓦拉吉尔野狼守卫小队
瓦拉吉尔狼卫终结者3","太空野狼
瓦拉吉爾野狼守衛小隊
瓦拉吉爾狼衛終結者3","Space Wolves
Varagyr Wolf Guard Squad
Varagyr Terminator3","Warhammer
""The Horus Heresy""",Scale：1/18,20*18.5*7,0.35kg,208,44.99,165,1120,,705,58.97%
6973130375857,JT5857,"太空野狼
瓦拉吉尔野狼守卫小队
瓦拉吉尔狼卫终结者4","太空野狼
瓦拉吉爾野狼守衛小隊
瓦拉吉爾狼衛終結者4","Space Wolves
Varagyr Wolf Guard Squad
Varagyr Terminator 4","Warhammer
""The Horus Heresy""",Scale：1/18,20*18.5*7,0.35kg,208,44.99,165,1120,,705,58.97%
6973130373891,JT3891,"修女会 
持像者
战斗修女萨伦","修女會
持像者
戰鬥修女薩倫","Adepta Sororitas
Imagifier
Sister Saelon","Warhammer
40,000",Scale：1/18,19*14*5,0.35kg,209,49.99,165,1110,,705,57.55%
6927054401512,JT01512,忍者龟-公牛格朗德丘克,忍者龜-公牛格朗德丘克,TMNT-Groundchuck,TMNT,Scale：1/18,20*18*5,0.2kg,208,49.99,167,1110,,713,55.66%
6927054401529,JT01529,忍者龟-红狼拉扎尔,忍者龜-紅狼拉札爾,TMNT-Rahzar,TMNT,Scale：1/18,20*18*5,0.2kg,208,49.99,167,1110,,713,55.66%
6927054401505,JT01505,忍者龟-鼹鼠德贝克,忍者龜-鼴鼠德貝克,TMNT-Dirtbag,TMNT,Scale：1/18,20*18*5,0.2kg,208,49.99,167,1110,,713,55.66%
6927054400478,JT00478,"圣血天使 
破晓者小队
破晓者1","聖血天使
破曉者小隊
破曉者1","Blood Angels
Dawnbreaker Cohort
Dawnbreaker 1","Warhammer
""The Horus Heresy""",Scale：1/18,20*18.5*6.5,0.35kg,218,49.99,170,1160,,726,59.80%
6927054400485,JT00485,"圣血天使 
破晓者小队
破晓者2","聖血天使
破曉者小隊
破曉者2","Blood Angels
Dawnbreaker Cohort
Dawnbreaker 2","Warhammer
""The Horus Heresy""",Scale：1/18,20*18.5*6.5,0.35kg,218,49.99,170,1160,,726,59.80%
6927054400461,JT00461,"圣血天使 
破晓者小队
破晓者勇士","聖血天使
破曉者小隊
破曉者勇士","Blood Angels
Dawnbreaker Cohort
Dawnbreaker Champion","Warhammer
""The Horus Heresy""",Scale：1/18,20*18.5*6.5,0.35kg,218,49.99,170,1160,,726,59.80%
6973130377707,JT7707,"暗源江湖
宗师冢 许怀恩","暗源江湖
宗師塚 許懷恩","Dark Source-JiangHu
Zongshi Tomb Huai-En Xu",Dark Source-JiangHu,Scale:1/18,15.5*14.5*5,0.25kg,218,49.99,170,1160,,726,59.80%
6973130379947,JT9947,"极限战士
终结者小队
配备突击炮的终结者","極限戰士
終結者小隊
配備突擊砲的終結者","Ultramarines
Terminator Squad
Terminator with Assault Cannon","Warhammer
40,000",Scale：1/18,20*18*7,0.35kg,219,54.99,175,1170,2025/11,747,56.57%
6973130379930,JT9930,"极限战士
终结者小队
配备暴风爆矢枪的终结者","極限戰士
終結者小隊
配備暴風爆矢槍的終結者","Ultramarines
Terminator Squad
Terminator with Storm Bolter","Warhammer
40,000",Scale：1/18,20*18*7,0.35kg,219,54.99,175,1170,2025/11,747,56.57%
6927054401345,JT01345,"极限战士
常胜军荣誉卫队
配备风暴盾和动力剑","極限戰士
常勝軍榮譽衛隊
配備風暴盾和動力劍","Ultramarines
Victrix Honour Guard
with Storm Shield And Power Sword","Warhammer
40,000",Scale：1/18,20*18.5*7,0.35kg,229,49.99,175,1150,,747,53.90%
6927054400317,JT00317,"圣血天使
猩红圣骑士军团
猩红圣骑士1","聖血天使
猩紅聖騎士軍團
猩紅聖騎士1","Blood Angels
Crimson Paladins Squad
Crimson Paladin 1","Warhammer
""The Horus Heresy""",Scale：1/18,20*18.5*6.5,0.35kg,219,52.99,175,1170,,747,56.57%
6927054400331,JT00331,"圣血天使
猩红圣骑士军团
猩红圣骑士3","聖血天使
猩紅聖騎士軍團
猩紅聖騎士3","Blood Angels
Crimson Paladins Squad
Crimson Paladin 3","Warhammer
""The Horus Heresy""",Scale：1/18,20*18.5*6.5,0.35kg,219,52.99,175,1170,,747,56.57%
6927054400935,JT00935,"雷铸神军
黑爪小队
洛莱,深渊之女","雷鑄神軍
黑爪小隊
洛萊,深淵之女","Stormcast Eternals
The Blacktalons
Lorai, Child of the Abyss","Warhammer
AGE OF SIGMAR",Scale：1/18,20*18.5*6,0.35kg,219,49.99,175,1170,,747,56.57%
6973130379923,JT9923,"极限战士
终结者小队
配备能量剑和传送定位器的军士","極限戰士
終結者小隊
配備能量劍和傳送定位器的軍士","Ultramarines
Terminator Squad
Sergeant with Power Sword and Teleport Homer","Warhammer
40,000",Scale：1/18,20*18*7,0.35kg,229,57.99,180,1220,2025/11,769,58.73%
6973130379718,JT9718,"荷鲁斯之子
加斯塔林终结者小队
配备卡索兰动力斧的加斯塔林","荷魯斯之子
加斯塔林終結者小隊
配備卡索蘭動力斧的加斯塔林","Sons of Horus
Justaerin Terminator Squad
Justaerin with Carsoran Power Axe","Warhammer
""The Horus Heresy""",Scale：1/18,20*18.5*6.5,0.35kg,229,57.99,180,1220,,769,58.73%
6973130379732,JT9732,"荷鲁斯之子
加斯塔林终结者小队
配备雷霆锤的加斯塔林","荷魯斯之子
加斯塔林終結者小隊
配備雷霆錘的加斯塔林","Sons of Horus
Justaerin Terminator Squad
Justaerin with Thunder Hammer","Warhammer
""The Horus Heresy""",Scale：1/18,20*18.5*6.5,0.35kg,229,57.99,180,1220,,769,58.73%
6973130377004,JT7004,"泰伦虫族
利维坦虫巢舰队
配骨刃的泰伦武士","泰倫虫族
利維坦蟲巢艦隊
配骨刃的泰倫武士","Tyranids
 Hive Fleet Leviathan Tyranid Warrior with Boneswords","Warhammer
40,000",Scale：1/18,20*18*7.7,0.35kg,228,56.99,185,1210,,790,53.17%
6927054402465,JT02465,"荷鲁斯之子
军团药剂师","荷魯斯之子
軍團藥劑師","Sons of Horus
Legion Apothecary","Warhammer
""The Horus Heresy""",Scale：1/18,20*18.5*7,0.35kg,239,55.99,185,1200,2025/12,790,51.91%
6927054402472,JT02472,"帝国之拳
军团药剂师","帝國之拳
軍團藥劑師","Imperial Fists
Legion Apothecary","Warhammer
""The Horus Heresy""",Scale：1/18,20*18.5*7,0.35kg,239,55.99,185,1200,2025/12,790,51.91%
6927054401772,JT01772,"圣血天使
配备地狱手枪和动力拳的队长","聖血天使
配備地獄手槍和動力拳的隊長","Blood Angels
Captain with Inferno Pistol & Power Fist","Warhammer
40,000",Scale：1/18,20*18.5*7,0.35kg,229,54.99,185,1220,2025/10,790,54.44%
6927054401796,JT01796,"圣血天使
配备重型爆矢手枪和能量剑的队长","聖血天使
配備重型爆矢手槍和能量劍的隊長","Blood Angels
Captain with Heavy Bolt Pistol & Power Sword","Warhammer
40,000",Scale：1/18,20*18.5*7,0.35kg,229,54.99,185,1220,2025/10,790,54.44%
6927054401840,JT01840,"圣血天使
配备地狱手枪和喋血长剑的圣血卫队守卫1","聖血天使
配備地獄手槍和喋血長劍的聖血衛隊守衛1","Blood Angels
Sanguinary Guard 1 with Inferno Pistol and Encarmine Blade","Warhammer
40,000",Scale：1/18,20*18.5*5.5,0.35kg,239,54.99,185,1170,,790,48.11%
6927054401857,JT01857,"圣血天使
配备祷言爆矢枪和喋血长矛的圣血卫队守卫2","聖血天使
配備禱言爆矢槍和喋血長矛的聖血衛隊守衛2","Blood Angels
Sanguinary Guard 2 with Angelus Boltgun and Encarmine Spear","Warhammer
40,000",Scale：1/18,20*18.5*5.5,0.35kg,239,54.99,185,1170,,790,48.11%
6927054401864,JT01864,"圣血天使
配备祷言爆矢枪和喋血长矛的圣血卫队守卫3","聖血天使
配備禱言爆矢槍和喋血長矛的聖血衛隊守衛3","Blood Angels
Sanguinary Guard 3 with Angelus Boltgun and Encarmine Spear","Warhammer
40,000",Scale：1/18,20*18.5*5.5,0.35kg,239,54.99,185,1170,,790,48.11%
6927054401666,JT01666,"天启系列 暴风初飓
火力支援型机甲","天啟系列 暴風初學
火力支援機甲","APOC Series Storm Tempestus
Fire Support Type Mecha",Dark Source,Scale：1/25,50.5*31.5*6.2,1.3kg,239,59.99,188,1270,2025/10,803,58.20%
6927054401659,JT01659,"天启系列 磐石
常规作战型机甲","天啟系列 磐石
常規作戰型機甲","APOC Series Bedrock
Standard Combat Type Mecha",Dark Source,Scale：1/25,50.5*31.5*6.2,1.3kg,239,59.99,188,1270,2025/10,803,58.20%
6927054400188,JT00188,"悲怆远征军
第九军团急救小组-重炮手","悲愴遠徵軍
第九軍團急救小組-重砲手",Sorrow Expeditionary Forces 09th Legion Rescue Squad-Heavy Gunner,Battle For the Stars,Scale：1/18,20*18.5*7,0.35kg,238,59.99,190,1270,,811,56.54%
6927054400195,JT00195,"悲怆远征军
第九军团急救小组-医疗官","悲愴遠徵軍
第九軍團急救小組-醫療官",Sorrow Expeditionary Forces 09th Legion Rescue Squad-Medical Officer,Battle For the Stars,Scale：1/18,20*18.5*7,0.35kg,238,59.99,190,1270,,811,56.54%
6927054400928,JT00928,"雷铸神军
黑爪小队
罗斯图斯·公牛之锤","雷鑄神軍
黑爪小隊
羅斯圖斯·公牛之錘","Stormcast Eternals
The Blacktalons
Rostus Oxenhammer","Warhammer
AGE OF SIGMAR",Scale：1/18,20*18.5*6,0.35kg,239,54.99,190,1270,,811,56.54%
6973130379398,JT9398,"帝国之拳
铁骑终结者军团
装备锁链拳套的铁骑终结者","帝國之拳
鐵騎終結者軍團
裝備鎖鏈拳套的鐵騎終結者","Imperial Fists
Legion Cataphractii Terminator Squad
Legion Cataphractii with Chainfist","Warhammer
""The Horus Heresy""",Scale：1/18,20*18.5*6.5,0.35kg,249,57.99,195,1320,,833,58.53%
6927054400904,JT00904,"雷铸神军
黑爪小队
亨德里克,银狼","雷鑄神軍
黑爪小隊
亨德里克,銀狼","Stormcast Eternals
The Blacktalons
Hendrick, The Silver Wolf","Warhammer
AGE OF SIGMAR",Scale：1/18,20*18.5*6,0.35kg,239,56.99,195,1270,,833,52.53%
6927054400898,JT00898,"雷铸神军
黑爪小队
妮芙·黑爪","雷鑄神軍
黑爪小隊
妮芙·黑爪","Stormcast Eternals
The Blacktalons
Neave Blacktalon","Warhammer
AGE OF SIGMAR",Scale：1/18,20*18.5*6,0.35kg,239,56.99,195,1270,,833,52.53%
6927054402526,JT02526,忍者龟-大鳄鱼皮头,忍者龜-大鱷魚皮頭,TMNT-Leatherhead,TMNT,Scale：1/18,20*18*5,0.2kg,228,56.99,197,1250,25-Oct,841,48.60%
6927054402533,JT02533,忍者龟-机械龟金属头,忍者龜-機械龜金屬頭,TMNT-Metalhead,TMNT,Scale：1/18,20*18*5,0.2kg,228,56.99,197,1250,25-Nov,841,48.60%
6973130375116,JT5116,"钢铁之手
穿着终结者盔甲的队长","鋼鐵之手
穿著終結者盔甲的隊長","Iron Hands
Captain in Terminator Armour","Warhammer
40,000",Scale：1/18,20*18.5*7,0.35kg,258,59.99,200,1370,,854,60.42%
6973130372979,JT2979,"欧克蛮人特种兵 
通讯小子瓦祖克","歐克蠻人特種兵
通訊小子瓦祖克",Ork Kommandos Comms Boy Wagzuk,"Warhammer
40,000","Scale:1/18
高:12cm",18.5*20*10,0.35kg,249,64.99,200,1320,,854,54.57%
6927054401284,JT01284,"阿尔法军团
配备转换光束炮的勒尔那终结者","阿爾法軍團
配備轉換光束炮的勒爾那終結者","Alpha Legion
Lernaean Terminator with Conversion Beam Cannon","Warhammer
""The Horus Heresy""",Scale：1/18,20*20*6.5,0.35kg,259,59.99,205,1380,,875,57.65%
6927054401277,JT01277,"阿尔法军团
配备爆燃突击铳的勒尔那终结者","阿爾法軍團
配備爆燃突擊鈳的勒爾那終結者","Alpha Legion
Lernaean Terminator with Volkite Charger","Warhammer
""The Horus Heresy""",Scale：1/18,20*20*6.5,0.35kg,259,59.99,205,1380,,875,57.65%
6927054400829,JT00829,"寂静修女会
骑士指挥官珍提亚·科勒","寂靜修女會
騎士指揮官珍提亞·科勒","Sisters of Silence
Knight-Commander Jenetia Krole","Warhammer
""The Horus Heresy""",Scale：1/18,20*18*7,0.35kg,259,59.99,205,1380,,875,57.65%
6927054401215,JT01215,"阿尔法军团
配备能量剑的执政官","阿爾法軍團
配備能量劍的執政官","Alpha Legion
Legion Praetor with Power Sword","Warhammer
""The Horus Heresy""",Scale：1/18,20*18*5,0.35kg,259,64.99,205,1380,,875,57.65%
6927054402830,JT02830,"极限战士
重型精工盔甲兵配备圣物多管热熔枪","極限戰士
重型精工盔甲兵配備聖物多管熱熔槍","Ultramarines
Heavy Artificer Armor with Relic Multi-Melta","Warhammer
40,000",Scale：1/18,20*18.5*5.5,0.35,299,59.99,205,1380,25-Jan,875,57.65%
6927054402816,JT02816,"极限战士
圣物盔甲兵
配备等离子手枪和战斗利刃","極限戰士
聖物盔甲兵
配備等離子手槍和戰鬥利刃","Ultramarines
Relic Primus Armour
with Plasma Pistol and Combat Blade","Warhammer
40,000",Scale：1/18,20*18.5*5.5,0.35,299,59.99,205,1380,25-Jan,875,57.65%
6973130375123,JT5123,"星界军
风暴忠嗣指挥小队
第55卡比克雄鹰兵团
风暴忠嗣队长","星界軍
風暴忠嗣指揮小隊
第55卡比克雄鷹兵團
風暴忠嗣隊長","Astra Militarum
Tempestus Scions Command Squad
55th Kappic Eagles
Tempestor Prime","Warhammer
40,000",Scale:1/18,15*11*5,0.22kg,259,59.99,205,1380,,875,57.65%
6973130375130,JT5130,"星界军
风暴忠嗣指挥小队
第55卡比克雄鹰兵团
旗手","星界軍
風暴忠嗣指揮小隊
第55卡比克雄鷹兵團
旗手","Astra Militarum
Tempestus Scions Command Squad
55th Kappic Eagles
Banner Bearer","Warhammer
40,000",Scale:1/18,15*11*5,0.22kg,259,59.99,205,1380,,875,57.65%
6973130373761,JT3761,极限战士原铸技术军士,極限戰士原鑄技術軍士,"Ultramarines
Primaris Techmarine","Warhammer
40,000",Scale：1/18,24*20*6,0.35kg,269,59.99,210,1430,,897,59.47%
6973130372931,JT2931,太空野狼 拉格纳 黑鬃,太空野狼 拉格納 黑鬃,Space Wolves Ragnar Blackmane,"Warhammer
40,000",Scale：1/18,22*22*7,0.35kg,279,69.99,210,1480,,897,65.05%
6973130376298,JT6298,"圣血天使
配备赤红长剑的圣血卫队队员1","聖血天使
配備赤紅長劍的聖血衛隊隊員1","Blood Angels
Sanguinary Guard with Encarmine Sword 1","Warhammer
40,000",Scale：1/18,22*18*7,0.35kg,259,63.99,210,1380,,897,53.90%
6973130377066,JT7066,"圣血天使
配备赤红长剑的圣血卫队队员2","聖血天使
配備赤紅長劍的聖血衛隊隊員2","Blood Angels
Sanguinary Guard with Encarmine Sword 2","Warhammer
40,000",Scale：1/18,22*18*7,0.35kg,259,63.99,210,1380,,897,53.90%
6973130377172,JT7172,"圣血天使
配备赤红战斧和地狱手枪的圣血卫队队员","聖血天使
配備赤紅戰斧和地獄手槍的聖血衛隊隊員","Blood Angels
Sanguinary Guard with Encarmine Axe and Inferno Pistol","Warhammer
40,000",Scale：1/18,22*18*7,0.35kg,259,63.99,210,1380,,897,53.90%
6973130377691,JT7691,"黑暗天使
装备动力拳的导师","黑暗天使
裝備動力拳的導師","Dark Angels
Master with Power Fist","Warhammer
40,000",Scale：1/18,20*18.5*7,0.35kg,269,59.99,210,1430,,897,59.47%
6973130373556,JT3556,"极限战士
连长
装备大师级重型爆矢枪","極限戰士
連長
裝備大師級重型爆矢槍","Ultramarines
Captain
with Master-crafted Heavy Bolt rifle","Warhammer
40,000",Scale：1/18,20*18.5*7,0.35kg,269,69.99,210,1430,,897,59.47%
6927054400775,JT00775,"禁军军团
禁军维纳塔利小队
配备肯尼迪克驱逐枪的维纳塔利战士1","禁軍軍團
禁軍維納塔利小隊
配備甘迺迪克驅逐槍的維納塔利戰士1","Legio Custodes
Custodian Venatari Squad
Venatari with Kenetic Destroyer 1","Warhammer
""The Horus Heresy""",Scale：1/18,20*18.5*6.5,0.35kg,259,59.99,210,1380,,897,53.90%
6927054400782,JT00782,"禁军军团
禁军维纳塔利小队
配备肯尼迪克驱逐枪的维纳塔利战士2","禁軍軍團
禁軍維納塔利小隊
配備甘迺迪克驅逐槍的維納塔利戰士2","Legio Custodes
Custodian Venatari Squad
Venatari with Kenetic Destroyer 2","Warhammer
""The Horus Heresy""",Scale：1/18,20*18.5*6.5,0.35kg,259,59.99,210,1380,,897,53.90%
6927054400799,JT00799,"禁军军团
禁军维纳塔利小队
配备长矛的维纳塔利战士","禁軍軍團
禁軍維納塔利小隊
配備長矛的維納塔利戰士","Legio Custodes
Custodian Venatari Squad
Venatari with Venatari Lance","Warhammer
""The Horus Heresy""",Scale：1/18,20*18.5*6.5,0.35kg,259,59.99,210,1380,,897,53.90%
6927054400386,JT00386,"圣血天使
穿冥府型终结者盔甲的执政官","聖血天使
穿著冥府型終結者盔甲的執政官","Blood Angels
Legion Praetor in Tartaros Terminator Armour","Warhammer
""The Horus Heresy""",Scale：1/18,20*18.5*6.5,0.35kg,259,59.99,210,1380,,897,53.90%
6973130379206,JT9206,"黑暗天使
装备赦免槌的死翼骑士 1","黑暗天使
裝備赦免槌的死翼騎士 1","Dark Angels
Deathwing Knight with Mace of Absolution 1","Warhammer
40,000",Scale: 1/18,20*18.5*6.5,0.35kg,269,63.99,210,1430,,897,59.47%
6927054402854,JT02854,"极限战士
重型圣物盔甲兵配备圣物爆矢步枪","極限戰士
重型聖物盔甲兵配備聖物爆矢步槍","Ultramarines
Heavy Relic Primus Armor with Heavy Relic Bolt Rifle","Warhammer
40,000",Scale：1/18,20*18.5*5.5,0.35,309,62.99,210,1430,25-Jan,897,59.47%
6927054400744,JT00744,"禁军军团
天鹰终结者小队
配备拉斯穆风暴爆弹枪的天鹰终结者","禁軍軍團
天鷹終結者小隊
配備拉斯穆風暴爆彈槍的天鷹終結者","Legio Custodes
Aquilon Terminator Squad
Aquilon with Lastrum Storm Bolter","Warhammer
""The Horus Heresy""",Scale：1/18,20*18*7,0.35kg,269,64.99,215,1430,,918,55.76%
6927054400751,JT00751,"禁军军团
天鹰终结者小队
配备双联遗迹破坏者枪的天鹰终结者","禁軍軍團
天鷹終結者小隊
配備雙聯遺跡破壞者槍的天鷹終結者","Legio Custodes
Aquilon Terminator Squad
Aquilon with twin-linked Adrathic Destructor","Warhammer
""The Horus Heresy""",Scale：1/18,20*18*7,0.35kg,269,64.99,215,1430,,918,55.76%
6927054401154,JT01154,"圣血天使
多米尼恩·泽丰","聖血天使
多米尼恩·澤豐","Blood Angels
Dominion Zephon","Warhammer
""The Horus Heresy""",Scale：1/18,20*18*5,0.35kg,269,62.99,215,1430,,918,55.76%
6973130376809,JT6809,火蜥蜴 连长阿德拉克斯·阿伽顿,火蜥蜴 連長阿德拉克斯·阿伽頓,"Salamanders 
Captain Adrax Agatone","Warhammer
40,000",Scale：1/18,19*18*6.5,0.35kg,269,64.99,215,1500,25-Dec,918,63.39%
6973130377745,JT7745,"极限战士
重装型装甲连长","極限戰士
重裝型裝甲連長","Ultramarines
Captain in Gravis Armour","Warhammer
40,000",Scale：1/18,23*19*8,0.35kg,279,64.99,220,1480,2025/09,939,57.55%
6927054401093,JT01093,"阿尔法军团
破坏者领事","阿爾法軍團
破壞者領事","Alpha Legion
Saboteur Consul","Warhammer
""The Horus Heresy""",Scale：1/18,20*18.5*7,0.35kg,279,64.99,220,1480,,939,57.55%
6927054400720,JT00720,"圣血天使
拉多隆
第一连长圣血天使战团","聖血天使
拉多隆
第一連長聖血天使戰團","Blood Angels
Raldoron
First Captain of the Blood Angels","Warhammer
""The Horus Heresy""",Scale：1/18,20*18.5*6.5,0.35kg,279,64.99,220,1480,,939,57.55%
6927054401536,JT01536,"极限战士
配备精工爆矢来福枪,链锯剑和爆矢手枪的圣物盔甲兵","極限戰士
配備精工爆矢來福槍,鏈鋸劍和爆矢手槍的聖物盔甲兵","Ultramarines
Relic Secundus Armour with Artificer bolt rifle, chainsword and bolt pistol","Warhammer
40,000",Scale：1/18,20*18.5*5.5,0.35,269,62.99,220,1450,,939,54.35%
6927054400768,JT00768,"禁军军团
天鹰终结者小队
配备炼狱火矛的天鹰终结者","禁軍軍團
天鷹終結者小隊
配備煉獄火矛的天鷹終結者","Legio Custodes
Aquilon Terminator Squad
Aquilon with Infernus Firepike","Warhammer
""The Horus Heresy""",Scale：1/18,20*18*7,0.35kg,279,67.99,225,1400,,961,45.72%
6927054401222,JT01222,"阿尔法军团
苦痛大师阿尔梅琉斯·迪纳特","阿爾法軍團
苦痛大師阿爾梅琉斯·迪納特","Alpha Legion
Harrowmaster Armillus Dynat","Warhammer
""The Horus Heresy""",Scale：1/18,20*18*5,0.35kg,279,69.99,225,1400,,961,45.72%
6927054402458,JT02458,"荷鲁斯之子
军团勇士","荷魯斯之子
軍團勇士","Sons of Horus
Legion Champion","Warhammer
""The Horus Heresy""",Scale：1/18,20*18.5*7,0.35kg,289,67.99,225,1450,2025/12,961,50.92%
6927054400973,JT00973,"混沌星际战士
黑色军团
装备闪电爪的神选战士","混沌星際戰士
黑色軍團
裝備閃電爪的神選戰士","Chaos Space Marines
Black Legion
Chosen with Lightning Claws","Warhammer
40,000",Scale：1/18,20*18.5*7,0.35kg,279,67.99,225,1480,,961,54.05%
6927054400959,JT00959,"混沌星际战士
黑色军团
装备等离子枪和动力斧的神选战士","混沌星際戰士
黑色軍團
裝備等離子槍和動力斧的神選戰士","Chaos Space Marines
Black Legion
Chosen with Plasma Pistol and Power Axe","Warhammer
40,000",Scale：1/18,20*18.5*7,0.35kg,279,67.99,225,1480,,961,54.05%
6927054400980,JT00980,"混沌星际战士
黑色军团
装备复合热熔枪和链锯剑的神选战士","混沌星際戰士
黑色軍團
裝備複合熱熔槍和鏈鋸劍的神選戰士","Chaos Space Marines
Black Legion
Chosen with Combi-melta and chainsword","Warhammer
40,000",Scale：1/18,20*18.5*7,0.35kg,279,67.99,225,1480,,961,54.05%
6927054400966,JT00966,"混沌星际战士
黑色军团
装备爆矢手枪和动力拳的神选战士","混沌星際戰士
黑色軍團
裝備爆矢手槍和動力拳的神選戰士","Chaos Space Marines
Black Legion
Chosen with Bolt Pistol and Power Fist","Warhammer
40,000",Scale：1/18,20*18.5*7,0.35kg,279,67.99,225,1480,,961,54.05%
6973130379619,JT9619,"荷鲁斯之子
穿铁骑终结者盔甲的执政官","荷魯斯之子
穿著鐵騎終結者盔甲的執政官","Sons of Horus
Legion Praetor in Cataphractii Terminator Armour","Warhammer
""The Horus Heresy""",Scale：1/18,20*18.5*6.5,0.35kg,289,67.99,225,1540,,961,60.29%
6927054400911,JT00911,"雷铸神军
黑爪小队
莎卡娜·金刃","雷鑄神軍
黑爪小隊
莎卡娜·金刃","Stormcast Eternals
The Blacktalons
Shakana Goldenblade","Warhammer
AGE OF SIGMAR",Scale：1/18,20*18.5*6,0.35kg,279,64.99,225,1480,,961,54.05%
6973130379237,JT9237,"帝国之拳
西吉斯蒙德，帝国之拳第一勇士","帝國之拳
西吉斯蒙德，帝國之拳第一勇士","Imperial Fists
Sigismund, First Captain of the Imperial Fists","Warhammer
""The Horus Heresy""",Scale：1/18,20*18*7,0.35kg,289,69.99,230,1540,,982,56.81%
6927054402489,JT02489,"黑暗天使
死翼骑士1
配备能量剑，风暴盾和传送信标","黑暗天使
死翼騎士1
配備能量劍，風暴盾和傳送信標","Dark Angels
Deathwing Knight 1
With Power Sword, Storm Shield and teleport homer","Warhammer
40,000",Scale：1/18,20*18.5*7,0.35kg,289,67.99,230,1520,25-Dec,982,54.77%
6927054402496,JT02496,"黑暗天使
死翼骑士2
配备能量剑，风暴盾和黑暗守望者","黑暗天使
死翼騎士2
配備能量劍，風暴盾和黑暗守望者","Dark Angels
Deathwing Knight 2
With Power Sword, Storm Shield and Watcher in the Dark","Warhammer
40,000",Scale：1/18,20*18.5*7,0.35kg,289,67.99,230,1520,25-Dec,982,54.77%
6927054402502,JT02502,"黑暗天使
死翼骑士3
配备能量剑和风暴盾","黑暗天使
死翼騎士3
配備能量劍和風暴盾","Dark Angels
Deathwing Knight 3
With Power Sword and Storm Shield","Warhammer
40,000",Scale：1/18,20*18.5*7,0.35kg,289,67.99,230,1520,25-Dec,982,54.77%
6973130373730,JT3730,"钛帝国指挥官
影阳","鈦帝國指揮官
影陽",T'au Empire Commander Shadowsun,"Warhammer
40,000",Scale：1/18,25.5*18.5*9,1.0kg,299,69.99,235,1590,,1003,58.45%
6927054401260,JT01260,"阿尔法军团
穿铁骑终结者盔甲的执政官","阿爾法軍團
穿著鐵騎終結者盔甲的執政官","Alpha Legion
Legion Praetor in Cataphractii Terminator Armour","Warhammer
""The Horus Heresy""",Scale：1/18,20*18*7,0.35kg,289,69.99,235,1540,,1003,53.47%
6927054400133,JT00133,"太空野狼
装备能量斧和战斗盾的军团执行官","太空野狼
裝備能量斧和戰鬥盾的軍團執行官","Space Wolves
Legion Praetor with Power Axe and Combat Shield","Warhammer
""The Horus Heresy""",Scale：1/18,20*18*6.5,0.35kg,299,69.99,235,1590,,1003,58.45%
6927054401789,JT01789,"圣血天使
配备重型爆矢手枪，链锯剑和医疗仪的圣血祭司","聖血天使
配備重型爆矢手槍，鏈鋸劍和醫療儀的聖血祭司","Blood Angels
Sanguinary Priest with Heavy bolt pistol, chainsword and narthecium","Warhammer
40,000",Scale：1/18,20*18.5*7,0.35kg,289,69.99,235,1540,2025/10,1003,53.47%
6927054401383,JT01383,"极限战士
契尔伦兄弟-珍藏版","極限戰士
契爾倫兄弟-珍藏版","Ultramarines
Brother Chairon-Collectors Edition","Warhammer
40,000",Scale：1/18,20*18.5*7,0.35kg,299,59.99,235,1590,,1003,58.45%
6927054401376,JT01376,"极限战士
军士加德里尔-珍藏版","極限戰士
軍士加德里爾-珍藏版","Ultramarines
Sergeant Gadriel-Collectors Edition","Warhammer
40,000",Scale：1/18,20*18.5*7,0.35kg,299,59.99,235,1590,,1003,58.45%
6927054401369,JT01369,"极限战士
副官泰图斯-珍藏版","極限戰士
副官泰圖斯-珍藏版","Ultramarines
Lieutenant Titus-Collectors Edition","Warhammer
40,000",Scale：1/18,20*18.5*7,0.35kg,299,59.99,235,1590,,1003,58.45%
6973130377080,JT7080,"极限战士
终结者盔甲牧师","極限戰士
終結者盔甲牧師","Ultramarines
Chaplain in Terminator Armour","Warhammer
40,000",Scale：1/18,20*18.5*7,0.35kg,299,69.99,235,1590,,1003,58.45%
6973130375826,JT5826,"千子
玛吉斯特斯阿蒙","千子
瑪吉斯特斯阿蒙","Thousand Sons
Magistus Amon","Warhammer
""The Horus Heresy""",Scale：1/18,20*18.5*7,0.35kg,299,69.99,240,1590,,1025,55.15%
6927054401390,JT01390,"阿尔法军团
伊修度斯'千人一体’
配备狙击步枪和能量匕首","阿爾法軍團
伊修度斯'千人一體’
配備狙擊步槍和能量匕首","Alpha Legion
Exodus 'The One who is Many’
With Sniper Rifle And Power Dagger","Warhammer
""The Horus Heresy""",Scale：1/18,20*18.5*7,0.35kg,299,69.99,240,1590,,1025,55.15%
6927054400997,JT00997,"混沌星际战士
黑色军团
装备爆矢枪和动力槌的神选勇士","混沌星際戰士
黑色軍團
裝備爆矢槍和動力槌的神選勇士","Chaos Space Marines
Black Legion
Chosen Champion with bolter and power maul","Warhammer
40,000",Scale：1/18,20*18.5*7,0.35kg,299,72.99,240,1590,,1025,55.15%
6973130379138,JT9138,"帝国之拳 执政官
装备动力剑的军团执行官","帝國之拳 執政官
裝備動力劍的軍團執行官","Imperial Fists
Legion Praetor with Power Sword","Warhammer
""The Horus Heresy""",Scale：1/18,20*18*7,0.35kg,309,72.99,245,1640,,1046,56.77%
6973130376083,JT6083,"千子
智库执政官","千子
智庫執政官","Thousand Sons
Legion Librarian Consul","Warhammer
""The Horus Heresy""",Scale：1/18,20*18.5*7,0.35kg,309,72.99,245,1640,,1046,56.77%
6927054401833,JT01833,"荷鲁斯之子
“小”荷鲁斯·艾克曼德
第五连连长","荷魯斯之子
「小」荷魯斯‧艾克曼德
第五連連長","Sons of Horus
'Little’ Horus Aximand,Captain of the 5th Company","Warhammer
""The Horus Heresy""",Scale：1/18,20*18.5*5.5,0.35kg,309,69.99,245,1450,,1046,38.60%
6927054401826,JT01826,"混沌星际战士
塞弗，堕落勋爵","混沌星際戰士
塞弗，墮落勳爵","Chaos Space Marines
Cypher, Lord of the Fallen","Warhammer
40,000",Scale：1/18,20*18.5*5.5,0.35kg,309,69.99,245,1450,2025/10,1046,38.60%
6927054402311,JT02311,"圣血天使
勒马特斯
配备跳跃背包，圣血权杖和赦免者爆矢手枪","聖血天使
勒馬特斯
配備跳躍背包，聖血權杖和赦免者爆矢手槍","Blood Angels
Lemartes
With Jump Pack,Blood Crozius and Absolver Bolt Pistol","Warhammer
40,000",Scale：1/18,20*18.5*5.5,0.35kg,309,72.99,245,1450,,1046,38.60%
6973130379145,JT9145,"帝国之拳
法夫尼尔·兰恩","帝國之拳
法夫尼爾·蘭恩","Imperial Fists
Fafnir Rann","Warhammer
""The Horus Heresy""",Scale：1/18,20*18*7,0.35kg,319,74.99,250,1700,,1068,59.25%
6973130379435,JT9435,沙库什轻型装甲,沙庫什輕型裝甲,Shakush Light Armored Unit,Infinity,Scale：1/18,24*20*10,0.5kg,329,76.99,255,1750,,1089,60.72%
6973130379756,JT9756,"阿利亚德纳
黑杰克01，第十重型游骑兵机甲
蝙蝠","阿利亞德納
黑傑克01，第十重型遊騎兵機甲
蝙蝠","Ariadna
Blackjacks, 10th Heavy Ranger Bat
(AP HMG)",Infinity,Scale：1/18,24*20*10,0.5kg,329,76.99,255,1750,,1089,60.72%
6973130379763,JT9763,"阿利亚德纳
黑杰克02，第十重型突击机甲
巴特里奥","阿利亞德納
黑傑克02，第十重型突擊機甲
巴薩裡奧","Ariadna
Blackjacks, 10th Heavy Ranger Bat
(T2 Sniper Rifle)",Infinity,Scale：1/18,24*20*10,0.5kg,329,76.99,255,1750,,1089,60.72%
6973130379428,JT9428,"流浪者
壁虎中队","流浪者
壁虎中隊","Nomads
Gecko Squadron",Infinity,Scale：1/18,24*20*10,0.5kg,329,76.99,255,1750,,1089,60.72%
6927054402441,JT02441,"荷鲁斯之子
铁骑执政官
配备复合热熔枪和动力锤","荷魯斯之子
鐵騎執政官
配備複合熱熔槍和動力錘","Sons of Horus
Legion Cataphractii Praetor
with Combi-Melta and Power Maul","Warhammer
""The Horus Heresy""",Scale：1/18,20*18.5*7,0.35kg,329,76.99,255,1640,2025/12,1089,50.62%
6927054400140,JT00140,"太空野狼
哈维尔红刃","太空野狼
哈維爾紅刃","Space Wolves
Hvarl Red-Blade","Warhammer
""The Horus Heresy""",Scale：1/18,20*18.5*7,0.35kg,319,76.99,255,1700,,1089,56.13%
6927054400126,JT00126,"极限战士
装备能量剑和爆燃蛇形枪的军团执行官","極限戰士
裝備能量劍和爆燃蛇形槍的軍團執行官","Ultramarines
Legion Praetor with Power Sword and Volkite Serpenta","Warhammer
""The Horus Heresy""",Scale：1/18,20*18.5*7,0.35kg,319,76.99,255,1700,,1089,56.13%
6927054400225,JT00225,"圣血天使
配备典范之刃的执政官","聖血天使
配備典範之刃的執政官","Blood Angels
Legion Praetor with Paragon Blade","Warhammer
""The Horus Heresy""",Scale：1/18,20*18.5*6.5,0.35kg,319,76.99,255,1700,,1089,56.13%
6927054402519,JT02519,"圣血天使
配备殷红阔剑的圣吉列诺","聖血天使
配備殷紅闊劍的聖吉列諾","Blood Angels
The Sanguinor with Encarmine Broadsword","Warhammer
40,000",Scale：1/18,20*18.5*7,0.35kg,329,76.99,260,1620,25-Dec,1110,45.92%
6973130375765,JT5765,"千子
穿铁骑终结者盔甲的执政官","千子
穿著鐵騎終結者盔甲的執政官","Thousand sons
Legion Praetor in Cataphractii  Terminator Armour","Warhammer
""The Horus Heresy""",Scale：1/18,20*18.5*7,0.35kg,319,74.99,260,1700,,1110,53.13%
6973130376236,JT6236,诺斯09-强袭型攻击机甲,諾斯09-強襲型攻擊機甲,North 09 Strike Attack Mecha,Battle For the Stars,Scale：1/18,25*17*13,1kg,329,79.99,265,1750,,1132,54.66%
6927054401338,JT01338,"极限战士
马尔纽斯·卡尔加，战团长
配备MKX格拉维斯装甲和奥特拉马拳套","極限戰士
馬爾紐斯·卡爾加，戰團長
配備MKX格拉維斯裝甲和奧特拉馬拳套","Ultramarines
Marneus Calgar, Chapter Master
with MKX Gravis Armour and Gauntlets of Ultramar","Warhammer
40,000",Scale：1/18,20*18.5*7,0.35kg,339,76.99,265,1800,,1132,59.07%
6927054402823,JT02823,UNSC幻影小队,UNSC幻影小隊,UNSC Mirage Squad,Dark Source,"Scale：1/25
Scale：1/25",20*17*14,0.8kg,399,79.99,275,1750,25-Jan,1174,49.03%
6973130379282,JT9282,战神86-II型 突袭型,戰神86-II型 突襲型,God of War 86-II Assault,Dark Source,"Scale:1/25
机甲高22cm",25*17*13,0.85kg,329,79.99,280,1750,,1196,46.37%
6927054402571,JT02571,"死亡守卫
死亡寿衣终结者勇士
配备收割者镰刀和瘟疫喷射护手",死亡守衛 死亡壽衣終結者勇士 配備收割者鐮刀和瘟疫噴射護手,"Death Guard
Deathshroud Terminator Champion
with Manreaper and Plaguespurter Gauntlets",戰鎚40K,Scale：1/18,22*20*8.5,0.7kg,399,79.99,280,1650,25-Jan,1196,38.01%
6927054402588,JT02588,"死亡守卫
死亡寿衣终结者1
配备收割者镰刀和瘟疫喷射护手",死亡守衛 死亡壽衣終結者1 配備收割者鐮刀和瘟疫噴射護手,"Death Guard
Deathshroud Terminator 1
with Manreaper and Plaguespurter Gauntlet",戰鎚40K,Scale：1/18,22*20*8.5,0.7kg,399,79.99,280,1650,25-Dec,1196,38.01%
6927054402595,JT02595,"死亡守卫
死亡寿衣终结者2
配备收割者镰刀和瘟疫喷射护手",死亡守衛 死亡壽衣終結者2 配備收割者鐮刀和瘟疫噴射護手,"Death Guard
Deathshroud Terminator 2
with Manreaper and Plaguespurter Gauntlet",戰鎚40K,Scale：1/18,22*20*8.5,0.7kg,399,79.99,280,1650,25-Jan,1196,38.01%
6973130375420,JT5420,"泛大洋联盟
圣墓骑士","泛大洋聯盟
聖墓騎士","PanOceania
Knight of the Holy Sepulchre",Infinity,Scale:1/18,16*25*12,0.5kg,349,79.99,280,1850,,1196,54.73%
6927054402304,JT02304,"黑暗天使
贝利亚，死翼大导师
配备寂静之剑和风暴爆矢枪","黑暗天使
貝利亞，死翼大導師
配備寂靜之劍和風暴爆矢槍","Dark Angels
Belial, Grand Master of The Deathwing
With the Sword of Silence and Storm Bolter","Warhammer
40,000",Scale：1/18,20*18.5*5.5,0.35kg,359,82.99,285,1720,,1217,41.34%
6973130379459,JT9459,狂飙突击装甲车,狂飆突擊裝甲車,Cyclone Assauit Armored Car,Hardcore Coldplay,Scale：1/18,41.5*23*20,3kg,399,129.99,320,2200,,1366,61.01%
6973130377738,JT7738,"机械修会
装备怒焰喷火器的卡斯特兰机器人","機械修會
裝備怒焰噴火器的卡斯特蘭機器人","Adeptus Mechanicus
Kastelan Robot with Incendine Combustor","Warhammer
40,000",比例：1/18,26*20*10,0.8kg,399,94.99,320,2120,,1366,55.15%
6973130378957,JT8957,"机械修会
装备磷光爆枪的卡斯特兰机器人","機械修會
裝備磷光爆槍的卡斯特蘭機器人","Adeptus Mechanicus
Kastelan Robot with Heavy Phosphor Blaster","Warhammer
40,000","Scale:1/18
高:24cm",26*20*10,0.8kg,399,94.99,320,2120,,1366,55.15%
6973130372924,JT2924,太空野狼 凶残比约恩,太空野狼 兇殘比約恩,Space Wolves Bjorn the Fell-Handed,"Warhammer
40,000",Scale：1/18,25*25*15,0.5kg,399,119.99,320,2120,,1366,55.15%
6973130372467,JT2467,"星际战士
极限战士
神圣无畏机甲","星際戰士
極限戰士
神聖無畏機甲","Space Marines
Ultramarines
Venerable Dreadnought","Warhammer
40,000",Scale：1/18,25*25*15,0.5kg,399,119.99,320,2120,,1366,55.15%
6973130371286,JT1286,"极限战士
入侵者","極限戰士
入侵者",ULTRAMARINES INCURSORS,"Warhammer
40,000","Scale:1/18
高:12cm",25.5*21*17.5,1.1kg,399,119.99,320,2120,,1366,55.15%
6973130378872,JT8872,"修女会
至圣总院长
莫雯·瓦尔","修女會
至聖總院長
莫雯·瓦爾","Adepta Sororitas
Abbess Sanctorum
Morvenn Vahl","Warhammer
40,000",Scale：1/18,24*17*10,0.5kg,399,99.99,320,2120,2025/09,1366,55.15%
6973130376366,JT6366,"泛大洋联盟
条顿骑士","泛大洋聯盟
條頓騎士","PanOceania
Teutonic Knights",Infinity,Scale:1/18,20*13*6.5,0.45kg,399,89.99,320,2120,,1366,55.15%
6973130374669,JT4669,"修女会
银白寿衣修会
楷模铠甲
修女科洛内","修女會
銀白壽衣修會
楷模鎧甲
修女科洛內","Adepta Sororitas
Order of the Argent Shroud Paragon Warsuit Sister Collaen","Warhammer
40,000",Scale:1/18,15*25*12,0.5kg,399,99.99,320,2120,,1366,55.15%
6973130374508,JT4508,修女会 楷模战术铠甲修女美乐瓦尔,修女會 楷模戰術鎧甲修女美樂瓦爾,Adepta Sororitas Paragon Warsuit Sister Merewal,"Warhammer
40,000",Scale:1/18,15*25*12,0.5kg,399,99.99,320,2120,,1366,55.15%
6973130374751,JT4751,"混沌前线 
波本","混沌前線
波本",FRONTLINE CHAOS BOURBON,LEVEL NINE,"Scale:1/12
高:16.5cm",23*11*5,0.3kg,399,99.99,330,2120,,1409,50.45%
6973130379442,JT9442,"修女会
装备赎罪连枷的赎罪机甲","修女會
裝備贖罪連枷的贖罪機甲","Adepta Sororitas
Penitent Engine with Penitent Flails","Warhammer
40,000",Scale：1/18,23.5*18.3*11.5,0.6kg,419,99.99,330,2050,,1409,45.48%
6973130378889,JT8889,"修女会
赎罪机甲","修女會
贖罪機甲","Adepta Sororitas
Penitent Engine","Warhammer
40,000","Scale:1/18
高:24cm",23.5*18.3*11.5,0.6kg,419,99.99,330,2050,,1409,45.48%
6973130379961,JT9961,"太空野狼
配备重力爆矢加农炮的蔑视者无畏机甲","太空野狼
配備重力爆矢加農炮的蔑視者無畏機甲","Space Wolves
Contemptor Dreadnought with Gravis Bolt Cannon","Warhammer
The Horus Heresy",Scale：1/18,31.5*26*11.5,0.5kg,419,99.99,335,2130,,1430,48.90%
6973130375611,JT5611,"混沌前线
朵拉","混沌前線
朵拉",FRONTLINE CHAOS DORA,LEVEL NINE,"Scale:1/12
高:16.5cm",23*11*5,0.3kg,399,99.99,350,2120,,1495,41.85%
6973130375604,JT5604,"混沌前线
艾米","混沌前線
艾米",FRONTLINE CHAOS AMY,LEVEL NINE,"Scale:1/12
高:16.5cm",23*11*5,0.3kg,399,99.99,350,2120,,1495,41.85%
6973130375628,JT5628,"混沌前线
西娜","混沌前線
西娜",FRONTLINE CHAOS XENA,LEVEL NINE,"Scale:1/12
高:16.5cm",23*11*5,0.3kg,399,99.99,350,2120,,1495,41.85%
6973130376830,JT6830,混沌前线 七七,混沌前線 七七,"FRONTLINE CHAOS
NO.77",LEVEL NINE,"Scale:1/12
高:16cm",23*11*5,0.3kg,399,99.99,350,2120,,1495,41.85%
6973130376823,JT6823,混沌前线 白夜,混沌前線 白夜,"FRONTLINE CHAOS
DR.WHITE",LEVEL NINE,"Scale:1/12
高:16cm",23*11*5,0.3kg,399,99.99,350,2120,,1495,41.85%
6973130373778,JT3778,"黑色圣堂
救赎者型无畏机甲","黑色聖堂
救贖者型無畏機甲","Black Templars
Redemptor Dreadnought","Warhammer
40,000",Scale：1/18,33*33*18,2.5kg,469,169.99,360,2540,,1537,65.24%
6973130373365,JT3365,"圣血天使
救赎者无畏机甲","聖血天使
救贖者無畏機甲","Blood Angels
Redemptor Dreadnought","Warhammer
40,000",Scale：1/18,33*33*18,3kg,469,169.99,360,2630,2025/11,1537,71.09%
6973130372757,JT2757,"极限战士
救赎者无畏机甲泰勒斯兄弟","極限戰士
救贖者無畏機甲泰勒斯兄弟",UItramarines Redemptor Dreadnought Brother Dreadnought Tyleas,"Warhammer
40,000",Scale：1/18,33*33*18,2.5kg,469,169.99,360,2950,,1537,91.91%
6927054401109,JT01109,"阿尔法军团
装备重力等离子炮的蔑视者无畏机甲","阿爾法軍團
裝備重力等離子炮的蔑視者無畏機甲","Alpha Legion
Contemptor Dreadnought with Gravis Plasma Cannon","Warhammer
""The Horus Heresy""",Scale：1/18,31.5*26*11.5,1kg,479,119.99,380,2900,,1623,78.73%
6973130375499,JT5499,"泛大洋联盟
医院骑士团","泛大洋聯盟
醫院騎士團","PanOceania
Knights Hospitallers",Infinity,Scale:1/18,24*20*17,1.1kg,469,109.99,380,2950,,1623,81.81%
6973130378636,JT8636,"千子
装备重力剑和重力自动炮的奥希隆型蔑视者无畏机甲","千子
裝備重力劍和重力自動砲的奧希隆型蔑視者無畏機甲","Thousand Sons
Contemptor-Osiron Dreadnought With Gravis Force Blade And Gravis Autocannon","Warhammer
""The Horus Heresy""",Scale：1/18,31*25.5*11.5,1kg,479,109.99,385,2620,,1644,59.37%
6927054400805,JT00805,"禁军军团
蔑视者-伽拉图斯无畏机甲","禁軍軍團
蔑視者-伽拉圖斯無畏機甲","Legio Custodes
Contemptor-Galatus Dreadnought","Warhammer
""The Horus Heresy""",Scale：1/18,31.5*26*11.5,1.3kg,479,119.99,385,2550,,1644,55.11%
6927054400812,JT00812,"禁军军团
蔑视者-阿喀琉斯无畏机甲","禁軍軍團
蔑視者-阿喀琉斯無畏機甲","Legio Custodes
Contemptor-Achillus Dreadnought","Warhammer
""The Horus Heresy""",Scale：1/18,31.5*26*11.5,1.3kg,479,119.99,385,2550,,1644,55.11%
6927054400737,JT00737,"圣血天使
因坎蒂斯级蔑视者无畏机甲","聖血天使
因坎蒂斯級蔑視者無畏機甲","Blood Angels
Contemptor-Incaendius Dreadnought","Warhammer
""The Horus Heresy""",Scale：1/18,31.5*26*11.5,1.3kg,489,119.99,385,2620,,1644,59.37%
6973130378940,JT8940,"星界军 
卡迪亚装甲哨兵","星界軍
卡迪亞裝甲哨兵","Astra Militarum
Cadian Armoured Sentinel","Warhammer
40,000","Scale:1/18
高:25cm",28*20*17,1.2kg,539,124.99,430,3150,,1836,71.56%
6927054401291,JT01291,"暴君-03
战术型","暴君-03
戰術型","Tyrant-Squad 03
Tactical Type",Battle For the Stars,Scale：1/18,36*28*18,2.3kg,549,129.99,435,2900,,1857,56.13%
6927054401314,JT01314,"暴君-04
都市作战型","暴君-04
都市戰鬥型","Tyrant-Squad 04
City Combat Type",Battle For the Stars,Scale：1/18,36*28*18,2.3kg,549,129.99,435,2900,2025/09,1857,56.13%
6973130378865,JT8865,"帝国之拳
罗格·多恩，第七军团基因原体","帝國之拳
羅格‧多恩，第七軍團基因原體","Imperial Fists 
Rogal Dorn, Primarch of the Vllth Legion","Warhammer
40,000",Scale：1/18,25*22*10,1,799,139.99,460,3150,25-Nov,1964,60.37%
6973130376137,JT6137,"太空野狼
黎曼·鲁斯
第六军团基因原体","太空野狼
黎曼‧魯斯
第六軍團基因原體","Space Wolves
Leman Russ
Primarch of the VIth Legion","Warhammer
""The Horus Heresy""",Scale：1/18,26*23*9.5,1kg,599,139.99,470,3320,,2007,65.43%
6927054402847,JT02847,"钢铁勇士
铁环多米塔钢铁级自动战斗机器人
配备卡彻锐型战斗盾和重力破碎锤","鋼鐵勇士
鐵環多米塔鋼鐵級自動戰鬥機器人
配備卡徹銳型戰鬥盾和重力破碎錘","Iron Warriors
Iron Circle Domitar-Ferrum Class Battle-automata 
with Karceri Battle Shield and Graviton Crusher","Warhammer
""The Horus Heresy""",Scale：1/18,32*26*12,1kg,699,139.99,475,3320,25-Jan,2028,63.69%
6973130376175,JT6175,"千子
红魔马格努斯
十五军团基因原体","千子
紅魔鬼馬格努斯
十五軍團基因原體","Thousand sons
Magnus the Red
Primarch of the XVth Legion","Warhammer
""The Horus Heresy""",Scale：1/18,30*23*8,1kg,599,139.99,475,3220,,2028,58.76%
6927054401086,JT01086,"阿尔法军团
阿尔法瑞斯，第二十军团基因原体","阿爾法軍團
阿爾法瑞斯，第二十軍團基因原體","Alpha Legion
Alpharius, Primarch of the XXth Legion","Warhammer
""The Horus Heresy""",Scale：1/18,26*23*8,1kg,599,139.99,480,3340,,2050,62.96%
6927054400942,JT00942,"禁军军团
元帅康斯坦丁·瓦尔多","禁軍軍團
元帥康斯坦丁·瓦爾多","Legio Custodes
Constantin Valdor, Captain-General of the Legio Custodes","Warhammer
""The Horus Heresy""",Scale：1/18,26*23*8,1kg,599,139.99,480,3540,,2050,72.72%
6973130376342,JT6342,"极限战士
基因原体
罗保特·基里曼","極限戰士
基因原體
羅保特·基里曼","Ultramarines
Primarch 
Roboute Guilliman","Warhammer
40,000",Scale：1/18,23*26*10,1kg,599,139.99,480,3300,,2050,61.01%
6927054401819,JT01819,"钢铁勇士
佩图拉博，第四军团基因原体","鋼鐵勇士
佩圖拉博，第四軍團基因原體","Iron Warriors
Perturabo, Primarch of the lVthLegion","Warhammer
""The Horus Heresy""",Scale：1/18,22*28*10,1kg,579,139.99,480,3200,2025/11,2050,56.13%
6973130378643,JT8643,"极限战士
装备旋风热熔矛阵和攻城爪的利维坦无畏机甲","極限戰士
裝備旋風熱熔矛陣和攻城爪的利維坦無畏機甲","Ultramarines
Leviathan Dreadnought with Cyclonic Melta Lance And Siege Claws","Warhammer
""The Horus Heresy""",Scale：1/18,34*23*36,2.6kg,599,169.99,485,3180,,2071,53.55%
6927054400218,JT00218,"圣血天使
圣吉列斯
第九军团基因原体","聖血天使
聖吉列斯
第九軍團基因原體","Blood Angels
Sanguinius
Primarch of the IXthLegion","Warhammer
""The Horus Heresy""",Scale：1/18,25*22*15,1kg,599,139.99,485,3320,2025/09,2071,60.31%
6927054401741,JT01741,"极限战士
副官泰图斯之MKX头盔","極限戰士
副官泰圖斯之MKX頭盔","Ultramarines
Lieutenant Titus' MKX Helmet","Warhammer
""The Horus Heresy""",Scale：1/1,50*45*42,4kg,650,229.99,530,3350,2025/11,2263,48.03%
6927054402540,JT02540,忍者龟-乌龟车,忍者龜-烏龜車,TMNT-Turtle Van,TMNT,Scale：1/18,23*21*30,1.8kg,679,159.99,535,3100,25-Jan,2284,35.70%
6973130377882,JT7882,"黑暗天使
基因原体莱昂·艾尔庄森","黑暗天使
基因原體萊昂艾爾莊森","Dark Angels
Primarch Lion El‘Jonson","Warhammer
40,000",比例：1/18,23*26*10,1kg,679,159.99,540,3500,,2306,51.79%
6927054401499,JT01499,"圣血天使
配备双管激光炮的歼灭者型猎食者坦克","聖血天使
配備雙管雷射砲的殲滅者型獵食者坦克","Blood Angels
Predator Annihilator with Twin Lascannons","Warhammer
40,000",Scale：1/18,48*30*38,5kg,699,199.99,570,3480,2025/12,2434,42.98%
6973130379787,JT9787,"荷鲁斯之子
战帅荷鲁斯
十六军团基因原体","荷魯斯之子
戰帥荷魯斯
十六軍團基因原體","Sons of Horus
Warmaster Horus
Primarch of the XVlth Legion","Warhammer
The Horus Heresy",Scale：1/18,30*30*10,1kg,719,179.99,570,3700,,2434,52.02%
6927054401802,JT01802,"极限战士
配备双管激光炮的豪猪装甲车","極限戰士
配備雙管雷射砲的豪豬裝甲車","Ultramarines
Razorback with twin lascannon","Warhammer
40,000",Scale：1/18,55*36*25,5kg,699,229.99,575,3370,2025/12,2455,37.26%
6927054400645,JT00645,"吞世者
尊主因维卡图斯","吞世者
尊主因維卡圖斯","World Eaters
Lord Invocatus","Warhammer
40,000",Scale：1/18,30*24*13,2kg,729,169.99,575,3520,,2455,43.37%
6973130378858,JT8858,"星界军
装备宏声野战炮的野战炮组","星界軍
裝備宏聲野戰砲的野戰砲組","Astra Militarum
Ordnance Team with Bombast Field Gun","Warhammer
40,000",Scale:1/18,31*20*13,1.2kg,739,169.99,580,3600,,2477,45.36%
6973130378841,JT8841,"星界军
装备重锤火箭发射器的野战炮组","星界軍
裝備重錘火箭發射器的野戰砲組","Astra Militarum
Ordnance Team with Malleus Rocket Launcher","Warhammer
40,000",Scale:1/18,31*20*13,1.2kg,739,169.99,580,3600,,2477,45.36%
6927054401697,JT01697,"极限战士
副官泰图斯之MKX头盔和底座","極限戰士
副官泰圖斯之MKX頭盔與底座","Ultramarines
Lieutenant Titus' MKX Helmet & Display Stand","Warhammer
""The Horus Heresy""",Scale：1/1,57*50*43,5.5kg,780,299.99,630,3990,2025/11,2690,48.32%
6927054402564,JT02564,"莫塔里安
纳垢恶魔原体
配备远古武器“提灯”和“寂静之镰”","莫塔里安
納垢惡魔原體
配備古代武器“提燈”和“寂靜之鐮”","Mortarion，
Daemon Primarch of Nurgle
with Ancient weapons‘The Lantern' and ‘Silence'","Warhammer
40,000",Scale：1/18,33*33*18,2.5kg,999,199.99,680,4100,25-Dec,2904,41.20%
6973130376984,JT6984,古罗马共和国 典藏版,古羅馬共和國 典藏版,Strife Roman Republic Collector's Edition,Strife,Scale：1/18,30*18*15,1.5kg,950,199.99,760,4700,,3245,44.83%
6927054401178,JT01178,"吞世者
恐虐恶魔基因原体安格隆","吞世者
恐虐惡魔基因原體安格隆","World Eaters
Angron, Daemon Primarch of Khorne","Warhammer
40,000",Scale：1/18,27*45*39,7kg,1280,399.99,960,6000,,4099,46.37%
6973130376434,JT6434,"灰骑士
天罚恐惧骑士
（含驾驶员）","灰騎士
天罰恐懼騎士
（含駕駛員）","Grey Knights
Nemesis Dreadknight
（Including action figures）","Warhammer
40,000","比例：1/18
机甲高：42cm
人偶高：13.4cm",42.5*26*45.5,5.74kg,1499,399.99,1180,7600,,5039,50.84%
6973130379305,JT9305,"帝国骑士
渡鸦家族
游侠骑士","帝國騎士
渡鴉家族
遊俠騎士","Imperial Knights
House Raven
Knight Errant","Warhammer
40,000",Scale：1/18,56.7*49.6*49.8,9kg,2399,699,1940,13000,2025/11,8284,56.93%
6973130379299,JT9299,"帝国骑士
泰林家族
帕拉丁","帝國騎士
泰林家族
帕拉丁","Imperial Knights
House Terryn
Knight Paladin","Warhammer
40,000",Scale：1/18,56.7*49.6*49.8,9kg,2399,699,1940,13000,,8284,56.93%
6927054402632,JT02632,"圣血天使
MK III型战术军团士兵",聖血天使 MK III型戰術軍團士兵,Blood Angels MK lll Tactical Legionary,"Warhammer
""The Horus Heresy""",Scale：1/18,20*18.5*5.5,0.35,179,35.99,120,850,,512,65.89%
6927054402649,JT02649,"帝国之拳
MK III型战术军团士兵",帝國之拳 MK III型戰術軍團士兵,Imperial Fists MK lll Tactical Legionary,"Warhammer
""The Horus Heresy""",Scale：1/18,20*18.5*5.5,0.35,179,35.99,120,850,,512,65.89%
6927054402656,JT02656,"太空野狼
MK III型战术军团士兵",太空野狼 MK III型戰術軍團士兵,Space Wolves MK lll Tactical Legionary,"Warhammer
""The Horus Heresy""",Scale：1/18,20*18.5*5.5,0.35,179,35.99,120,850,,512,65.89%
6927054402663,JT02663,"极限战士
MK III型战术军团士兵",極限戰士 MK III型戰術軍團士兵,Ultramarines MK lll Tactical Legionary,"Warhammer
""The Horus Heresy""",Scale：1/18,20*18.5*5.5,0.35,179,35.99,120,850,,512,65.89%
6927054402670,JT02670,"阿尔法军团
MK III型战术军团士兵",阿爾法軍團 MK III型戰術軍團士兵,Alpha Legion MK lll Tactical Legionary,"Warhammer
""The Horus Heresy""",Scale：1/18,20*18.5*5.5,0.35,179,35.99,120,850,,512,65.89%
6927054402687,JT02687,"荷鲁斯之子
MK III型战术军团士兵",荷魯斯之子 MK III型戰術軍團士兵,Sons of Horus MK lll Tactical Legionary,"Warhammer
""The Horus Heresy""",Scale：1/18,20*18.5*5.5,0.35,179,35.99,120,850,,512,65.89%
6927054402694,JT02694,"千子
MK III型战术军团士兵",千子 MK III型戰術軍團士兵,Thousand Sons MK lll Tactical Legionary,"Warhammer
""The Horus Heresy""",Scale：1/18,20*18.5*5.5,0.35,179,35.99,120,850,,512,65.89%
6927054402755,JT02755,"黑暗天使
MkX头盔",黑暗天使 MkX頭盔,Dark Angels MkX Helmet,"Warhammer
40,000",Scale：1/1,46*39*46,3.5kg,759,229.99,530,3350,25-Jan,2263,48.03%
6927054402762,JT02762,"黑暗天使
MkX头盔和底座",黑暗天使 MkX頭盔和底座,Dark Angels MkX Helmet & Display Stand,"Warhammer
40,000",Scale：1/1,46*39*58,5.5kg,899,299.99,630,3990,25-Jan,2690,48.32%